# LOD generated from torso.obj by tools/generate_lods.py
v -0.16853 0.69263 -0.37449
v -0.21404 0.74854 -0.36610
v -0.18723 0.53755 -0.37049
v 0.16042 0.67635 -0.37455
v -0.23371 0.58402 -0.36976
v 0.21376 0.73078 -0.36740
v 0.15423 0.75268 -0.36539
v 0.23131 0.58732 -0.36978
v 0.23703 0.52666 -0.36120
v 0.09358 0.63120 -0.36174
v 0.28605 0.49373 -0.35710
v -0.23406 0.51608 -0.35940
v 0.17528 0.53096 -0.36914
v 0.21949 0.78363 -0.36030
v -0.15614 0.76857 -0.36264
v 0.26603 0.72470 -0.35403
v 0.09018 0.71554 -0.35520
v -0.11879 0.64311 -0.36870
v -0.29953 0.68169 -0.35793
v -0.09485 0.51458 -0.35571
v -0.28456 0.50733 -0.35906
v -0.22671 0.82865 -0.34472
v -0.08928 0.70365 -0.35728
v -0.27586 0.73469 -0.35141
v 0.29834 0.68032 -0.35847
v 0.28950 0.58272 -0.36335
v -0.28958 0.58452 -0.36341
v 0.27251 0.42626 -0.33775
v 0.22892 0.83238 -0.34274
v -0.10453 0.80945 -0.33067
v 0.09569 0.78084 -0.33810
v -0.05100 0.58889 -0.34750
v 0.08628 0.52205 -0.35516
v 0.21915 0.48616 -0.34525
v 0.13922 0.43506 -0.33722
v 0.01583 0.39989 -0.32553
v -0.26757 0.42888 -0.33802
v -0.15956 0.85724 -0.32730
v 0.17368 0.82243 -0.34673
v 0.35215 0.74051 -0.33257
v -0.37048 0.68988 -0.33274
v 0.01406 0.67201 -0.32759
v -0.00446 0.61112 -0.33400
v 0.01507 0.53102 -0.33804
v -0.01916 0.50772 -0.33756
v -0.35391 0.53426 -0.33442
v 0.14611 0.85456 -0.32436
v -0.41101 0.73977 -0.31763
v 0.35953 0.50597 -0.32998
v -0.13391 0.42429 -0.33386
v -0.07063 0.31111 -0.30092
v 0.22794 0.88228 -0.31565
v 0.36973 0.69188 -0.33341
v -0.39111 0.62993 -0.31391
v -0.20156 0.44067 -0.31558
v -0.29544 0.43599 -0.34057
v 0.12445 0.45076 -0.34464
v -0.00027 0.36121 -0.31749
v -0.22408 0.87526 -0.32066
v -0.29302 0.84293 -0.31901
v 0.32432 0.77297 -0.32644
v -0.32023 0.77232 -0.32908
v -0.03192 0.69696 -0.32775
v -0.45160 0.70278 -0.32079
v -0.38941 0.49633 -0.31236
v 0.18173 0.41641 -0.30673
v -0.18034 0.40531 -0.30314
v -0.20014 0.91383 -0.28416
v 0.29145 0.83937 -0.32142
v 0.02716 0.69707 -0.32527
v 0.45306 0.70474 -0.31958
v 0.47480 0.62332 -0.30150
v -0.45102 0.65895 -0.32111
v 0.38956 0.63034 -0.31451
v 0.20009 0.43529 -0.31275
v 0.33084 0.37293 -0.30067
v -0.31862 0.38542 -0.31063
v 0.03762 0.79783 -0.29285
v -0.37676 0.42990 -0.31617
v 0.22448 0.38661 -0.28768
v 0.32995 0.86539 -0.28882
v -0.26734 0.90743 -0.27996
v -0.34341 0.86169 -0.28150
v 0.44894 0.66106 -0.32209
v 0.42038 0.59322 -0.30151
v 0.49172 0.45537 -0.26503
v 0.36809 0.42208 -0.31737
v 0.09315 0.30426 -0.29491
v 0.17281 0.91152 -0.27978
v 0.10151 0.86295 -0.28868
v -0.05255 0.81263 -0.29440
v 0.35462 0.80342 -0.30043
v 0.47896 0.74541 -0.29388
v -0.47533 0.75359 -0.28981
v -0.53758 0.65790 -0.27964
v 0.46530 0.56503 -0.27541
v -0.47019 0.56028 -0.27285
v -0.41910 0.59563 -0.30232
v 0.38239 0.37685 -0.29164
v -0.22584 0.38591 -0.28713
v -0.37576 0.37191 -0.29121
v -0.12918 0.29898 -0.28505
v -0.01196 0.79402 -0.28768
v 0.04720 0.85548 -0.27967
v -0.40589 0.82835 -0.25171
v 0.44085 0.80889 -0.26374
v -0.38547 0.78547 -0.30273
v -0.49377 0.60962 -0.29135
v -0.50113 0.46217 -0.25936
v -0.21152 0.32575 -0.28216
v -0.26536 0.35375 -0.28124
v 0.12603 0.29265 -0.28431
v 0.21123 0.91742 -0.28153
v -0.05611 0.85635 -0.27993
v 0.00006 0.89410 -0.27990
v 0.53520 0.69386 -0.27829
v 0.27200 0.34810 -0.27825
v 0.00096 0.26118 -0.28454
v 0.12167 -0.44422 -0.27601
v 0.14551 -0.56134 -0.28793
v -0.13747 -0.51161 -0.28832
v 0.08613 -0.54303 -0.28735
v -0.18019 -0.59641 -0.27751
v -0.14465 0.90098 -0.28028
v 0.32559 0.89699 -0.25950
v 0.33481 0.32263 -0.26432
v -0.31725 0.31769 -0.26304
v -0.07659 0.20239 -0.25385
v 0.15262 -0.49551 -0.28377
v -0.12323 -0.42844 -0.27119
v -0.07639 -0.51615 -0.28261
v 0.06077 -0.45616 -0.26753
v -0.08933 -0.57925 -0.28398
v 0.11541 -0.62869 -0.27214
v 0.19042 0.98356 -0.24248
v -0.03966 0.94511 -0.25283
v 0.26647 0.91255 -0.27593
v 0.11090 0.97568 -0.25019
v 0.03337 0.93647 -0.25630
v -0.36002 0.81427 -0.29078
v 0.52883 0.74868 -0.25972
v -0.48814 0.38600 -0.23582
v 0.29150 0.19974 -0.24536
v 0.06667 0.21775 -0.26006
v 0.20602 0.18180 -0.25684
v -0.08559 -0.43624 -0.26891
v -0.19787 -0.42363 -0.26179
v 0.23345 -0.50184 -0.26235
v -0.19266 -0.53514 -0.27874
v 0.17159 -0.61651 -0.27342
v 0.07066 -0.59925 -0.27336
v -0.20541 -0.63984 -0.25500
v -0.30242 0.93707 -0.24169
v 0.43098 0.84313 -0.22439
v -0.44589 0.81065 -0.25911
v -0.50839 0.72239 -0.28869
v 0.54618 0.56235 -0.26480
v 0.50299 0.51828 -0.24932
v 0.17491 0.14312 -0.24566
v -0.22703 0.18828 -0.25548
v -0.03468 -0.42607 -0.24209
v 0.21135 -0.56518 -0.27252
v 0.31442 0.94308 -0.22930
v 0.58682 0.68876 -0.24127
v -0.52758 0.75619 -0.25541
v -0.57822 0.69874 -0.24373
v -0.51351 0.51339 -0.24438
v -0.50430 0.43132 -0.24955
v 0.39691 0.32235 -0.24272
v 0.33451 0.28956 -0.25075
v -0.17675 0.14925 -0.24838
v 0.21310 -0.43843 -0.26156
v 0.16777 -0.37313 -0.24589
v -0.24641 -0.50434 -0.25696
v -0.04814 -0.64262 -0.24541
v -0.11162 -0.62934 -0.27073
v -0.16329 -0.69506 -0.22980
v -0.10682 1.01162 -0.23302
v -0.00012 1.02585 -0.21913
v -0.19887 0.95990 -0.25660
v -0.39127 0.33083 -0.25201
v -0.34946 0.28057 -0.24277
v 0.09175 -0.36964 -0.23854
v 0.03848 -0.41935 -0.24381
v -0.03839 -0.55427 -0.26378
v 0.03500 -0.55958 -0.25956
v 0.15377 -0.69008 -0.23352
v -0.23403 0.99797 -0.21925
v -0.34717 0.92085 -0.22396
v 0.50500 0.39807 -0.23256
v -0.31383 0.18289 -0.23459
v 0.26879 0.14061 -0.23085
v 0.13509 0.12153 -0.22888
v -0.16155 -0.37044 -0.24436
v 0.27250 -0.53735 -0.23911
v 0.00737 -0.54785 -0.21964
v 0.22024 -0.63748 -0.25175
v 0.58136 0.72294 -0.21997
v -0.56434 0.48203 -0.22313
v -0.10445 0.07903 -0.21376
v 0.00045 -0.62803 -0.20247
v 0.05134 -0.65236 -0.24123
v 0.12234 1.02880 -0.22028
v -0.50716 0.78743 -0.24074
v 0.59930 0.62634 -0.24728
v 0.44162 0.32841 -0.21196
v 0.40036 0.24882 -0.20596
v -0.13214 0.13316 -0.23304
v -0.25562 -0.41550 -0.23457
v 0.30039 -0.47436 -0.20795
v -0.00023 -0.58697 -0.21058
v 0.27414 -0.65091 -0.21876
v -0.26470 -0.60880 -0.24024
v -0.05684 1.02096 -0.22876
v -0.17165 1.02147 -0.21256
v 0.52273 0.78516 -0.23276
v -0.54909 0.56786 -0.26610
v 0.60303 0.51313 -0.22862
v -0.46797 0.34503 -0.19710
v -0.27121 0.13496 -0.22734
v -0.10173 -0.35353 -0.22886
v -0.22312 -0.31082 -0.19538
v -0.05529 -0.37946 -0.23034
v 0.26984 -0.43738 -0.23027
v 0.00503 -0.41207 -0.20353
v -0.01627 -0.53614 -0.23448
v -0.28791 -0.49886 -0.22443
v -0.10752 -0.70245 -0.22159
v -0.11958 1.04271 -0.21350
v -0.43352 0.88471 -0.18457
v -0.57307 0.73285 -0.22223
v -0.64691 0.62831 -0.19387
v 0.60431 0.56565 -0.24300
v -0.60915 0.56047 -0.23938
v 0.34526 0.18239 -0.21815
v 0.31372 0.13877 -0.21216
v 0.17161 0.04024 -0.19181
v 0.10256 0.09616 -0.21998
v 0.23304 -0.38500 -0.23325
v -0.03026 -0.35131 -0.20172
v 0.03889 -0.36751 -0.21199
v 0.00133 -0.33827 -0.19397
v 0.29911 -0.39067 -0.19057
v -0.01369 -0.41764 -0.21145
v -0.00080 -0.53079 -0.19917
v 0.27436 -0.59966 -0.23408
v 0.06046 1.01726 -0.22998
v 0.00871 1.15630 -0.19696
v -0.04786 1.14077 -0.20324
v 0.44190 0.89694 -0.16252
v -0.49168 0.83667 -0.19716
v -0.61000 0.77151 -0.19032
v 0.62409 0.66277 -0.20416
v -0.63236 0.61054 -0.22592
v -0.39818 0.25604 -0.20979
v -0.04002 0.10879 -0.21206
v 0.16597 -0.30706 -0.19975
v 0.24296 -0.34486 -0.20739
v -0.22961 -0.36406 -0.22271
v 0.24767 -0.68836 -0.21211
v 0.11932 -0.71709 -0.21059
v 0.09056 -0.72662 -0.18876
v 0.27504 0.99692 -0.19161
v 0.48832 0.83672 -0.19882
v -0.56758 0.81705 -0.17908
v 0.63709 0.59969 -0.22091
v 0.62299 0.45356 -0.19794
v 0.52609 0.38226 -0.19417
v -0.37341 0.15498 -0.18007
v 0.20643 0.04021 -0.18467
v -0.18992 -0.27517 -0.17715
v 0.06433 -0.33789 -0.19935
v 0.00241 -0.43420 -0.19008
v 0.02144 -0.45061 -0.22614
v -0.29655 -0.65529 -0.19546
v 0.56620 0.48133 -0.22237
v 0.26654 0.06851 -0.17801
v -0.10001 -0.30984 -0.17598
v -0.32053 -0.43049 -0.17458
v -0.00002 -0.46909 -0.16837
v 0.12060 1.05306 -0.20852
v 0.16863 1.03670 -0.19529
v 0.60388 0.76227 -0.19978
v 0.64442 0.70646 -0.19378
v 0.66495 0.58704 -0.18222
v -0.00132 0.06607 -0.18644
v 0.02753 0.05302 -0.18300
v 0.12876 0.00910 -0.18546
v -0.29539 -0.38273 -0.19127
v 0.30287 -0.53062 -0.19576
v 0.07833 1.14669 -0.19595
v -0.04356 1.19250 -0.18369
v 0.17377 1.07385 -0.15247
v 0.22978 0.99979 -0.21792
v 0.39096 0.93981 -0.15551
v 0.50865 0.85590 -0.16651
v -0.64216 0.71170 -0.19508
v -0.57410 0.44110 -0.19836
v 0.38959 0.16325 -0.16825
v -0.45317 0.32472 -0.19867
v -0.32972 0.13970 -0.20396
v -0.21979 0.05147 -0.18720
v -0.17261 0.04140 -0.19283
v 0.08648 -0.00766 -0.17616
v 0.09863 -0.31266 -0.17770
v -0.03933 -0.68858 -0.20221
v -0.10474 -0.73242 -0.18741
v 0.21172 -0.72100 -0.20066
v 0.04358 1.19695 -0.18180
v -0.11261 1.18149 -0.16835
v -0.15371 1.07290 -0.17334
v -0.28427 0.99229 -0.19104
v -0.51901 0.84635 -0.16958
v 0.56559 0.81531 -0.18259
v -0.61558 0.47715 -0.21131
v -0.04385 -0.32153 -0.18746
v 0.04796 -0.30500 -0.17965
v -0.28043 -0.29206 -0.16620
v 0.31332 -0.42234 -0.18255
v -0.30450 -0.49681 -0.20092
v -0.04309 -0.71816 -0.16297
v -0.26028 -0.75961 -0.15069
v -0.24657 -0.69447 -0.21010
v -0.10289 1.16348 -0.18128
v -0.17981 1.07471 -0.14272
v 0.25142 1.01402 -0.16310
v 0.66493 0.72939 -0.16364
v -0.66101 0.73303 -0.16610
v 0.57354 0.43312 -0.19386
v 0.35044 0.13589 -0.18419
v -0.29186 0.04627 -0.14157
v -0.09207 -0.01531 -0.17437
v -0.20766 -0.00786 -0.15748
v 0.09681 -0.05615 -0.15785
v 0.20718 -0.25704 -0.16620
v -0.13754 -0.27958 -0.17212
v -0.00104 -0.67651 -0.15393
v 0.00050 -0.65863 -0.17902
v 0.04027 -0.69911 -0.19124
v 0.18779 -0.76603 -0.15659
v 0.11289 1.17285 -0.17065
v 0.15284 1.14404 -0.14327
v -0.22683 1.01877 -0.18650
v -0.57052 0.40670 -0.16870
v 0.22244 0.00293 -0.15574
v 0.11050 -0.23542 -0.16302
v 0.07504 -0.17021 -0.15822
v -0.08412 -0.14764 -0.15671
v 0.13764 -0.28175 -0.17279
v 0.06108 -0.26492 -0.16390
v -0.06557 -0.26583 -0.16450
v -0.11373 -0.23275 -0.16214
v -0.32555 -0.46111 -0.15873
v -0.30057 -0.72381 -0.15164
v 0.47476 0.34219 -0.18521
v 0.12758 -0.06941 -0.15282
v -0.11929 -0.05961 -0.15699
v -0.06857 -0.10427 -0.15357
v -0.03841 -0.19784 -0.15215
v 0.04489 -0.19221 -0.15417
v -0.00007 -0.20966 -0.13700
v 0.28111 -0.29654 -0.16902
v -0.00106 -0.26407 -0.14782
v -0.32442 -0.27953 -0.13393
v -0.09413 -0.76391 -0.12513
v -0.17410 -0.74961 -0.17759
v 0.05010 1.23501 -0.14952
v 0.10173 1.21541 -0.14866
v -0.04662 1.22576 -0.15980
v -0.10021 1.23018 -0.13011
v -0.24332 1.01772 -0.15191
v -0.49628 0.88324 -0.12869
v 0.65829 0.78204 -0.13059
v 0.66220 0.49819 -0.18964
v -0.62783 0.41623 -0.16904
v 0.62711 0.41296 -0.16435
v 0.43479 0.20796 -0.13902
v 0.31867 0.05066 -0.12083
v -0.00636 0.02558 -0.15746
v -0.16126 -0.07362 -0.13603
v -0.17218 -0.20869 -0.13996
v 0.35403 -0.32309 -0.12927
v 0.30307 -0.64830 -0.18687
v -0.51533 0.36866 -0.14943
v -0.07272 -0.05175 -0.15414
v 0.06793 -0.08673 -0.15262
v 0.11941 -0.12424 -0.15143
v -0.30133 -0.58892 -0.18982
v 0.28756 -0.75797 -0.14008
v -0.15361 1.15738 -0.13361
v -0.37600 0.95860 -0.12964
v -0.54620 0.86948 -0.09337
v -0.66465 0.78319 -0.11886
v -0.66356 0.49733 -0.18755
v 0.29680 0.01372 -0.11021
v -0.00040 -0.01234 -0.12961
v 0.06313 -0.04790 -0.15021
v -0.00004 -0.05597 -0.11966
v 0.18551 -0.17202 -0.12668
v -0.14020 -0.12483 -0.14449
v 0.16491 -0.21436 -0.14344
v 0.24423 -0.19988 -0.12279
v -0.37106 -0.35500 -0.11442
v 0.32105 -0.66613 -0.13456
v -0.19074 -0.79301 -0.12006
v 0.26158 -0.77429 -0.13733
v -0.28343 -0.78554 -0.13122
v -0.01943 1.24751 -0.13017
v 0.18568 1.07040 -0.13095
v 0.25072 1.01294 -0.13473
v 0.57268 0.40700 -0.16560
v -0.25497 -0.00965 -0.12479
v 0.16935 -0.08446 -0.12773
v 0.00008 -0.12615 -0.13004
v -0.21453 -0.20286 -0.13203
v -0.26396 -0.22614 -0.13272
v -0.35307 -0.31945 -0.12839
v 0.32622 -0.45615 -0.15953
v 0.31272 -0.71282 -0.14188
v -0.02921 -0.73015 -0.10465
v -0.32224 -0.75884 -0.12076
v 0.18505 -0.79377 -0.11881
v -0.07384 1.24721 -0.11117
v 0.37466 0.96152 -0.11311
v -0.61111 0.81965 -0.12639
v -0.48526 0.31460 -0.14232
v -0.33794 -0.02073 -0.05037
v 0.20590 -0.11072 -0.09963
v -0.00016 -0.68397 -0.12717
v -0.32657 -0.67980 -0.12223
v 0.32486 -0.74545 -0.11990
v -0.37643 0.95726 -0.09592
v -0.69782 0.70742 -0.11383
v -0.69708 0.60705 -0.15060
v -0.47081 0.26177 -0.11424
v -0.40868 0.17760 -0.15412
v -0.35310 0.07131 -0.10151
v 0.21131 -0.07707 -0.09970
v 0.17840 -0.05030 -0.14318
v 0.29713 -0.20838 -0.10513
v 0.34091 -0.24315 -0.09769
v 0.34391 -0.54615 -0.06750
v -0.00047 -0.68550 -0.11434
v -0.14141 -0.79369 -0.10082
v 0.26214 -0.84246 -0.12081
v 0.19016 -0.87717 -0.10589
v -0.22451 -0.87551 -0.11307
v 0.25888 0.99288 -0.08851
v -0.26206 1.00380 -0.12090
v 0.46899 0.90733 -0.11236
v 0.70045 0.52173 -0.13635
v 0.52693 0.37564 -0.13888
v -0.55918 0.39033 -0.13739
v -0.53498 0.35454 -0.07802
v -0.20890 -0.07875 -0.10004
v -0.20532 -0.11503 -0.10045
v -0.24522 -0.13370 -0.10106
v -0.32918 -0.21455 -0.08759
v -0.00003 -0.68669 -0.11029
v 0.28427 -0.88112 -0.10684
v -0.15052 -0.88132 -0.09056
v 0.02921 1.25676 -0.09704
v 0.14076 1.19893 -0.11450
v -0.15627 1.18369 -0.09948
v 0.18403 1.08877 -0.09113
v -0.19181 1.06242 -0.11140
v 0.59311 0.82667 -0.13500
v 0.69793 0.71200 -0.11165
v 0.69980 0.60148 -0.14736
v -0.65030 0.43645 -0.17235
v 0.26777 -0.04045 -0.09744
v 0.24814 -0.15096 -0.10514
v -0.00044 -0.68793 -0.10311
v -0.00017 -0.68788 -0.10308
v 0.35527 -0.69016 -0.07210
v -0.35085 -0.72185 -0.08335
v 0.14063 -0.79375 -0.10116
v 0.23015 -0.94516 -0.08680
v 0.19750 1.05399 -0.10525
v -0.21862 1.01959 -0.08497
v 0.65883 0.43640 -0.16341
v 0.65271 0.36333 -0.09820
v 0.55126 0.36691 -0.08944
v 0.24061 -0.08516 -0.09471
v -0.29797 -0.18148 -0.09134
v 0.37555 -0.36307 -0.10706
v -0.34137 -0.54819 -0.07349
v -0.00034 -0.68905 -0.09636
v -0.00029 -0.68900 -0.09633
v 0.09427 1.23730 -0.12081
v -0.67766 0.78077 -0.08176
v 0.71262 0.68297 -0.07243
v -0.69751 0.53379 -0.14476
v 0.49855 0.32806 -0.12653
v 0.47112 0.26113 -0.11141
v -0.30790 -0.04789 -0.06990
v 0.00015 -0.69041 -0.09027
v 0.02455 -0.72398 -0.11244
v -0.09513 -0.77998 -0.07646
v 0.35095 -0.83096 -0.08466
v 0.09135 -0.77877 -0.07421
v -0.45679 0.90989 -0.12855
v 0.59215 0.37428 -0.10787
v 0.51931 0.34704 -0.09662
v 0.41390 0.14115 -0.05654
v -0.47607 0.25699 -0.05559
v -0.40951 0.14399 -0.09294
v 0.05629 -0.74467 -0.12344
v -0.33092 -0.85185 -0.09813
v 0.16753 -0.93073 -0.07826
v 0.01999 1.26490 -0.04957
v 0.15964 1.18006 -0.08845
v 0.18763 1.04243 -0.06383
v -0.18967 1.04591 -0.07071
v -0.61218 0.36951 -0.10486
v -0.50916 0.33620 -0.10907
v 0.32580 -0.03526 -0.05846
v -0.25385 -0.07404 -0.09235
v -0.36389 -0.27911 -0.09747
v 0.39055 -0.30237 -0.06748
v -0.04790 -0.74495 -0.05493
v -0.10407 -0.85149 -0.07167
v -0.27828 -0.89781 -0.10208
v -0.14068 1.20720 -0.08123
v 0.27093 0.97190 -0.06523
v 0.48236 0.90369 -0.08683
v -0.51161 0.32969 -0.04374
v 0.28298 -0.08087 -0.08134
v -0.39544 -0.31397 -0.06083
v 0.40160 -0.37768 -0.05122
v -0.34724 -0.57720 -0.06007
v 0.33247 -0.87539 -0.08974
v -0.34772 -0.92250 -0.05902
v 0.29381 -0.95700 -0.07239
v -0.30146 -0.94802 -0.07590
v -0.24103 -0.92549 -0.09561
v 0.16688 1.15248 -0.05476
v -0.17753 1.01139 -0.03439
v -0.24556 0.96200 -0.04461
v 0.68635 0.77047 -0.05455
v -0.71694 0.67555 -0.04802
v -0.71703 0.57937 -0.10348
v 0.37262 0.08338 -0.08156
v 0.30145 -0.14767 -0.07913
v -0.40348 -0.37548 -0.04202
v 0.37974 -0.44051 -0.07216
v -0.00025 -0.70176 -0.06859
v 0.37661 -0.78848 -0.05205
v -0.36887 -0.74911 -0.06236
v 0.05394 -0.75003 -0.05626
v 0.11200 -0.85883 -0.07619
v -0.16436 -0.94302 -0.07061
v 0.16574 -0.98116 -0.04129
v -0.09803 1.24683 -0.05569
v -0.27181 0.98550 -0.08511
v 0.53269 0.88658 -0.06128
v -0.68549 0.36660 -0.07951
v 0.37112 -0.22978 -0.04757
v -0.38730 -0.42210 -0.06863
v 0.34413 -0.60813 -0.07047
v -0.28201 -0.97150 -0.05868
v -0.16564 1.15705 -0.05496
v -0.17096 1.09531 -0.03256
v 0.37257 0.94527 -0.05913
v -0.29052 0.92213 -0.02473
v -0.44385 0.91988 -0.09459
v -0.59467 0.84089 -0.05536
v 0.64640 0.81718 -0.06711
v -0.55801 0.36770 -0.08746
v -0.65520 0.36559 -0.09853
v 0.47445 0.25575 -0.07404
v 0.34107 0.01769 -0.06203
v -0.22526 -0.98370 -0.05989
v 0.17865 1.10366 0.00264
v 0.17030 1.08855 -0.02988
v 0.17513 0.99230 -0.01710
v 0.43505 0.91903 -0.06255
v 0.72077 0.64943 -0.01180
v 0.72531 0.47273 -0.07098
v 0.68822 0.35889 -0.06223
v -0.39211 0.09416 -0.04112
v -0.32378 -0.15121 -0.06590
v -0.37003 -0.63579 -0.05060
v 0.35751 -0.94314 -0.03764
v 0.10255 1.24682 -0.03949
v 0.16404 1.03298 -0.00716
v -0.43280 0.91692 -0.05119
v -0.53903 0.88151 -0.03744
v 0.59128 0.84197 -0.06164
v -0.64711 0.81802 -0.05717
v -0.72805 0.60171 -0.05389
v 0.71516 0.43098 -0.07976
v -0.70310 0.35624 -0.03051
v 0.41687 0.13983 0.02375
v -0.42859 0.16561 -0.01414
v 0.33353 -0.15197 -0.05724
v 0.00720 -0.73465 -0.03112
v 0.03070 -0.75011 -0.02832
v -0.35371 -0.81548 -0.08377
v 0.09759 -0.94274 -0.02827
v 0.11497 -0.97867 -0.01083
v 0.23336 -0.98769 -0.05457
v -0.01481 1.26406 0.00822
v 0.24089 0.96465 -0.04401
v -0.56692 0.85315 -0.01899
v 0.72900 0.59871 -0.05155
v -0.71365 0.41688 -0.07624
v 0.35450 -0.17264 -0.04103
v -0.35500 -0.16054 -0.03157
v -0.36720 -0.53733 -0.02464
v 0.39413 -0.72482 -0.04409
v -0.05951 -0.78547 -0.04399
v -0.10096 -0.96027 -0.02042
v -0.04820 1.26274 -0.02746
v -0.11937 1.23433 -0.00377
v -0.35080 0.91498 -0.01559
v -0.36936 0.94626 -0.05903
v 0.26816 0.94923 -0.04165
v 0.46965 0.89632 -0.02463
v -0.54316 0.36233 -0.03536
v -0.58591 0.36035 -0.05605
v -0.37500 -0.22942 -0.04212
v -0.01526 -0.73950 -0.02766
v -0.03526 -0.77613 -0.00024
v -0.23558 -0.99841 -0.01319
v 0.15150 1.20608 -0.02229
v -0.15531 1.19868 -0.02570
v 0.16724 1.16591 0.00682
v -0.17668 0.96874 -0.00677
v 0.39530 0.89599 -0.00006
v -0.19750 0.87881 0.01141
v -0.64571 0.80907 -0.01428
v -0.69167 0.75379 -0.04168
v 0.57894 0.36023 -0.03940
v 0.55122 0.36440 -0.04363
v -0.65812 0.33498 -0.03906
v 0.65341 0.33770 -0.04715
v 0.51304 0.33543 -0.03529
v -0.34230 0.01350 -0.05866
v 0.36840 -0.00998 -0.01837
v -0.37680 -0.04134 -0.00944
v 0.36685 -0.15049 -0.01320
v 0.36371 -0.54094 -0.03034
v -0.39514 -0.64121 -0.02382
v -0.40382 -0.80406 -0.02305
v 0.38136 -0.89632 -0.02075
v -0.36814 -0.93282 -0.01757
v -0.34908 -0.95933 -0.01996
v -0.17521 1.13511 0.01096
v -0.16486 1.03290 -0.00502
v 0.70477 0.38308 -0.06955
v 0.67294 0.33046 -0.00154
v 0.40703 -0.67278 -0.01447
v 0.05219 -0.79678 -0.03039
v -0.14114 -0.99190 -0.01358
v 0.22489 -1.00134 -0.00837
v -0.17805 1.10129 0.00190
v 0.19445 0.88039 0.00996
v 0.37561 0.88810 0.00782
v 0.53983 0.87156 -0.01544
v -0.72630 0.47199 -0.06578
v 0.61681 0.33974 0.02171
v 0.40765 -0.33796 -0.03236
v -0.39810 -0.73673 -0.03980
v -0.38664 -0.86162 -0.02409
v 0.06335 -0.94075 0.01093
v 0.16480 0.97501 0.02868
v -0.17253 0.90560 0.02620
v -0.21216 0.86302 0.02583
v 0.64053 0.81374 -0.01904
v 0.66497 0.78896 -0.00683
v -0.63309 0.33359 -0.02020
v 0.39998 -0.10639 0.03840
v -0.38033 -0.16707 0.01761
v 0.40157 -0.47153 0.01257
v 0.41523 -0.57757 0.04357
v 0.34185 -0.96169 -0.02582
v -0.04326 1.25314 0.03864
v -0.16069 1.17413 0.01721
v 0.17548 0.90221 0.02088
v -0.29283 0.87459 -0.00143
v -0.67124 0.77989 -0.00941
v 0.71909 0.53681 0.04744
v 0.73057 0.52467 -0.00336
v -0.71622 0.37190 0.00729
v -0.42236 -0.71122 0.00825
v 0.40871 -0.81309 -0.01432
v -0.06990 -0.93732 -0.00125
v -0.09927 -1.00146 0.05379
v 0.15096 -1.00449 0.00536
v 0.28404 -0.98920 0.00703
v 0.03783 1.25670 0.02588
v -0.48943 0.85913 0.04742
v 0.58045 0.84229 -0.01187
v 0.70473 0.67416 0.02863
v -0.72968 0.58090 -0.00411
v 0.64433 0.32804 -0.00555
v 0.39211 0.06560 0.01734
v 0.38074 0.03356 0.00579
v 0.40305 -0.21235 0.03417
v -0.40336 -0.46890 0.01580
v 0.42422 -0.73873 0.00975
v -0.42550 -0.80655 0.02107
v -0.15765 -1.00582 0.00439
v -0.09799 1.23118 0.04779
v 0.16444 1.14002 0.03556
v -0.17021 1.02352 0.04510
v -0.18392 0.87502 0.04513
v -0.45177 0.89298 -0.01186
v 0.29689 0.86567 0.00508
v 0.58029 0.80557 0.06697
v 0.66248 0.74584 0.04544
v -0.58828 0.81976 0.02127
v -0.70471 0.67806 0.02667
v 0.71847 0.42079 0.04753
v -0.52781 0.37525 0.03323
v -0.66343 0.32887 0.01264
v -0.44626 0.21232 0.01800
v -0.43008 0.18454 0.03590
v -0.37982 0.03347 0.00435
v -0.41034 -0.31502 -0.00577
v 0.02774 -0.76951 0.03074
v 0.32938 -0.97277 0.01491
v 0.07783 1.25049 0.01502
v 0.17069 1.02660 0.04262
v -0.16400 0.94982 0.07223
v -0.39148 0.87928 0.01977
v -0.31568 0.85100 0.02761
v -0.53919 0.84171 0.02246
v 0.70078 0.34752 0.00306
v 0.54297 0.38136 0.03104
v -0.56650 0.36699 -0.02321
v -0.40068 -0.56282 0.02008
v -0.40927 -0.87126 0.04758
v -0.06128 -0.96748 0.04631
v -0.32388 -0.97673 0.00422
v 0.15341 1.03769 0.07605
v 0.39957 0.87019 0.03702
v -0.64965 0.75786 0.04385
v -0.72827 0.45772 -0.00948
v 0.38377 -0.16926 0.02709
v -0.40915 -0.21833 0.04759
v -0.41453 -0.39826 0.04679
v 0.09448 -0.99402 0.03775
v 0.06639 -0.97773 0.05809
v -0.12266 1.21678 0.04694
v -0.15233 1.04742 0.07460
v 0.16565 0.94221 0.07668
v 0.21954 0.85876 0.03593
v 0.53958 0.84256 0.02158
v 0.72197 0.39682 0.00087
v 0.43535 0.19207 0.02802
v -0.43050 -0.47053 0.06459
v 0.42494 -0.61831 0.07931
v 0.01348 -0.74287 0.03306
v -0.03785 -0.90627 0.05724
v 0.36335 -0.95093 0.01422
v 0.12327 1.21622 0.04599
v 0.13733 1.16478 0.06357
v -0.38043 0.85516 0.06352
v -0.58577 0.80238 0.06912
v -0.61142 0.34548 0.04123
v 0.49165 0.31747 0.03440
v -0.48267 0.29901 0.03429
v 0.40164 0.04798 0.07407
v -0.00007 -0.73730 0.02928
v 0.03255 -0.88144 0.06089
v -0.13975 1.16438 0.06167
v -0.18436 0.89154 0.08596
v 0.18535 0.87467 0.04207
v -0.33047 0.84134 0.05895
v -0.44632 0.85538 0.06516
v -0.55423 0.38102 0.02864
v 0.52475 0.36752 0.03144
v -0.68589 0.34015 0.02480
v -0.40358 0.10775 0.05726
v -0.39115 0.06717 0.01189
v -0.40383 -0.08307 0.04361
v 0.41445 -0.39796 0.04440
v 0.42176 -0.49312 0.04731
v 0.43179 -0.78408 0.03900
v -0.01806 -0.74965 0.01886
v -0.02935 -0.78076 0.04907
v 0.04392 1.23642 0.07560
v -0.03981 1.22329 0.09771
v 0.47827 0.85441 0.06210
v -0.40717 0.83940 0.08245
v 0.56248 0.37930 0.03770
v -0.49977 0.39556 0.06609
v 0.41999 0.23243 0.07842
v -0.44554 0.29902 0.08402
v -0.41843 -0.60588 0.04769
v -0.09907 1.14674 0.09176
v 0.18591 0.88824 0.08732
v -0.20955 0.86014 0.08908
v 0.23777 0.84210 0.09483
v -0.24777 0.83856 0.09856
v 0.49680 0.83972 0.06612
v -0.49112 0.84079 0.06833
v 0.69365 0.46390 0.10572
v 0.66778 0.34493 0.05653
v 0.40290 0.10951 0.06764
v 0.42069 -0.61499 0.05390
v -0.43440 -0.74858 0.09003
v 0.08497 -0.99488 0.09548
v -0.08121 1.21601 0.07661
v -0.15476 0.96391 0.10005
v 0.37242 0.85284 0.07019
v 0.32820 0.84141 0.05208
v 0.61777 0.77065 0.07878
v -0.61320 0.74950 0.11035
v 0.68542 0.65249 0.09112
v -0.68933 0.63837 0.08718
v 0.70505 0.37173 0.04759
v 0.49503 0.39446 0.06805
v -0.62760 0.34675 0.06523
v 0.39381 -0.17448 0.07294
v 0.41718 -0.26926 0.06860
v -0.37412 -0.93642 0.04521
v 0.14556 -1.01433 0.05755
v 0.07801 1.21751 0.07882
v -0.08896 1.07226 0.10473
v 0.15542 0.94819 0.10612
v 0.26702 0.83887 0.12943
v -0.34869 0.84803 0.09818
v -0.40614 0.81675 0.10094
v -0.64076 0.65372 0.13804
v -0.71471 0.51187 0.06479
v -0.71743 0.42119 0.05294
v -0.46532 0.43232 0.08286
v -0.54103 0.40613 0.08576
v 0.53636 0.40535 0.08079
v 0.44474 0.29755 0.08431
v -0.39521 -0.17747 0.08573
v 0.41168 -0.21840 0.07898
v 0.43448 -0.45893 0.08187
v -0.42529 -0.62133 0.08501
v 0.42976 -0.73907 0.11496
v -0.43107 -0.79231 0.08299
v 0.40802 -0.87566 0.05518
v -0.14168 -1.01161 0.09493
v 0.10162 1.15444 0.08804
v -0.00641 0.92052 0.09778
v -0.16197 0.89777 0.11664
v 0.40699 0.83961 0.08183
v 0.45545 0.83718 0.08339
v -0.54642 0.80592 0.09884
v -0.66060 0.70229 0.09891
v 0.64557 0.64842 0.13498
v -0.69178 0.36890 0.06650
v -0.45977 0.37771 0.08895
v 0.41401 -0.04641 0.07988
v -0.41829 -0.32409 0.09432
v -0.43215 -0.40215 0.11176
v -0.03060 -0.75646 0.13511
v 0.03314 -0.90322 0.10826
v 0.09051 1.13878 0.10321
v 0.08170 1.06891 0.10742
v 0.11457 1.00114 0.11076
v -0.04544 0.99431 0.11433
v 0.06948 0.99381 0.11304
v 0.02582 0.90841 0.10504
v 0.34120 0.83892 0.12093
v -0.27309 0.83867 0.12722
v 0.46113 0.43005 0.08604
v 0.63508 0.35217 0.07572
v 0.41469 -0.09912 0.09524
v 0.41375 -0.28731 0.12853
v -0.41282 -0.23167 0.09812
v 0.00020 -0.71931 0.08997
v 0.42432 -0.82176 0.08905
v -0.22066 -1.00323 0.02100
v -0.06922 1.07898 0.12086
v 0.04208 1.00517 0.11765
v -0.07382 0.99971 0.11285
v -0.11456 0.99667 0.11231
v 0.15592 0.90002 0.11970
v -0.18831 0.84948 0.12874
v 0.01703 0.84381 0.12230
v 0.47153 0.79999 0.12851
v -0.34017 0.83439 0.12612
v 0.52800 0.80654 0.10835
v -0.60728 0.70408 0.14623
v -0.47669 0.44251 0.08721
v 0.65029 0.38457 0.10603
v 0.02283 -0.73077 0.11204
v -0.06404 -0.97814 0.10074
v 0.14522 -0.99974 0.13760
v 0.29539 -0.96957 0.15722
v -0.07774 1.16436 0.12791
v -0.07698 0.93358 0.12809
v 0.08207 0.95013 0.12478
v -0.02172 0.90597 0.10380
v 0.19329 0.84948 0.12527
v 0.64637 0.71356 0.10884
v -0.69030 0.47879 0.10914
v -0.69203 0.40970 0.09205
v 0.48177 0.44085 0.08617
v 0.69309 0.39414 0.08443
v 0.60984 0.35408 0.06360
v -0.41414 0.22091 0.08656
v 0.43883 -0.48061 0.12375
v -0.03004 -0.87173 0.10424
v -0.09791 -0.99181 0.12861
v -0.02521 1.04777 0.13347
v -0.09792 0.90092 0.14413
v 0.15747 0.85939 0.13469
v 0.29625 0.82921 0.14300
v 0.31141 0.80497 0.16077
v -0.42769 0.78832 0.14031
v 0.40077 0.81014 0.10655
v 0.66520 0.54706 0.12589
v -0.64672 0.35463 0.07984
v -0.64990 0.40131 0.11784
v -0.40123 0.04732 0.06714
v 0.41887 -0.30891 0.11586
v -0.43800 -0.50167 0.12813
v 0.40696 -0.82018 0.15479
v -0.04054 -0.92912 0.10939
v 0.04741 -0.95464 0.08582
v -0.36908 -0.93541 0.13547
v -0.07443 1.13269 0.13683
v 0.10819 0.93868 0.13124
v -0.04398 0.86180 0.14520
v -0.13261 0.89405 0.12840
v -0.00672 0.83203 0.11993
v -0.48390 0.81033 0.11640
v -0.56137 0.76264 0.13156
v 0.57260 0.76198 0.12714
v 0.54307 0.42810 0.13441
v 0.46029 0.37984 0.08763
v 0.39704 0.14717 0.10489
v 0.41144 -0.14573 0.15159
v 0.00144 -0.69204 0.13740
v -0.03721 1.19625 0.14325
v 0.07015 1.11702 0.13792
v -0.07985 0.86644 0.15911
v 0.05846 0.87268 0.15240
v 0.17269 0.84675 0.15517
v -0.15978 0.85399 0.13880
v 0.37315 0.77140 0.13145
v -0.37676 0.77980 0.12628
v 0.46433 0.45133 0.12195
v -0.65270 0.45500 0.14470
v -0.42414 0.26735 0.13172
v 0.40540 0.20338 0.09965
v -0.37774 0.18484 0.13923
v 0.37821 0.18465 0.13916
v -0.42299 -0.62955 0.12354
v 0.06472 1.18316 0.13233
v 0.42243 0.78557 0.13994
v -0.45699 0.79174 0.13508
v 0.59457 0.70859 0.15123
v 0.58988 0.62745 0.16862
v -0.58745 0.66402 0.16642
v -0.65101 0.48398 0.14709
v -0.43051 0.43662 0.14718
v -0.41147 -0.14441 0.16693
v -0.01839 -0.72234 0.11434
v 0.06805 -0.94322 0.17843
v 0.09538 -0.96588 0.17616
v 0.01529 1.20441 0.14481
v 0.07653 1.14583 0.13672
v -0.03461 1.17212 0.15787
v 0.03546 1.07142 0.13922
v -0.04354 1.11025 0.15142
v 0.08666 0.87045 0.15369
v 0.11922 0.84274 0.13709
v 0.49582 0.75740 0.14555
v 0.40254 0.73854 0.14670
v -0.41656 0.72580 0.15176
v -0.49760 0.45604 0.14727
v 0.42178 0.38836 0.16247
v 0.40667 0.21972 0.13127
v -0.41466 -0.09726 0.08628
v -0.42824 -0.41282 0.15513
v 0.42176 -0.63219 0.13076
v -0.39500 -0.85394 0.17124
v -0.39759 -0.89241 0.10987
v -0.16583 -0.98971 0.15991
v -0.16830 0.84252 0.17708
v -0.62236 0.48911 0.16353
v 0.64597 0.46550 0.15200
v 0.49802 0.45688 0.14956
v 0.43209 0.43848 0.14539
v -0.47429 0.45554 0.13899
v -0.56039 0.42670 0.14281
v 0.58302 0.42283 0.14341
v 0.43369 0.40743 0.13125
v -0.40422 0.21988 0.13724
v -0.39617 0.14682 0.10737
v -0.39858 0.06648 0.13779
v -0.41548 -0.04875 0.17048
v 0.39057 -0.18756 0.12164
v -0.38801 -0.19111 0.13642
v 0.42066 -0.42535 0.18299
v 0.03207 -0.78927 0.13240
v -0.08033 -0.95577 0.17580
v 0.04482 1.15585 0.15672
v 0.01928 1.11149 0.15449
v 0.09372 0.84938 0.17591
v -0.09121 0.85046 0.17275
v -0.12026 0.84139 0.13792
v -0.00953 0.81808 0.15231
v 0.37656 0.74523 0.15649
v -0.47554 0.73903 0.15014
v 0.54721 0.69203 0.16800
v 0.46742 0.69208 0.15914
v -0.54181 0.69878 0.16653
v 0.55270 0.56151 0.17602
v 0.61137 0.48596 0.16768
v 0.58374 0.45412 0.16595
v -0.56823 0.57518 0.17447
v -0.53881 0.50498 0.16778
v 0.47734 0.45492 0.17009
v -0.41953 0.29263 0.15159
v -0.36814 0.19894 0.15831
v 0.41047 -0.61381 0.16523
v -0.03148 -0.72858 0.15159
v -0.42059 -0.76294 0.13628
v 0.18948 -0.99987 0.09102
v -0.13494 0.84271 0.18906
v -0.29183 0.82825 0.14655
v -0.42996 0.69251 0.16788
v -0.48467 0.66545 0.16473
v -0.52745 0.59073 0.17556
v -0.58445 0.45073 0.16514
v 0.41589 0.41067 0.18350
v 0.42390 0.28731 0.14348
v 0.39431 0.22611 0.16238
v 0.41599 -0.05614 0.17099
v 0.39513 -0.24193 0.18580
v 0.42829 -0.49261 0.16251
v -0.40987 -0.61520 0.16691
v 0.36457 -0.93798 0.13665
v 0.24481 0.80110 0.21157
v 0.01277 0.81681 0.15407
v 0.52794 0.47479 0.16216
v 0.42256 0.32045 0.15865
v -0.39168 0.22530 0.16466
v 0.37097 0.15125 0.18370
v 0.38362 -0.20553 0.18343
v 0.39922 -0.33704 0.19558
v -0.05250 -0.67552 0.18506
v 0.39074 -0.86350 0.17370
v 0.38311 -0.91845 0.12805
v -0.14435 -0.97015 0.18984
v -0.29793 -0.96675 0.16941
v 0.06883 0.82029 0.21015
v -0.06060 0.85942 0.16489
v 0.15397 0.84243 0.18475
v -0.24192 0.80145 0.21277
v -0.31679 0.80109 0.16024
v -0.38143 0.74458 0.15228
v 0.51173 0.61896 0.17239
v 0.51734 0.54813 0.18627
v 0.50912 0.51265 0.19069
v -0.37078 0.26617 0.21516
v 0.36815 0.19893 0.15868
v 0.39659 0.07053 0.14382
v -0.41467 -0.10414 0.17923
v -0.39557 -0.23838 0.18171
v -0.41168 -0.29094 0.13973
v 0.04061 -0.68474 0.17506
v 0.02706 -0.70788 0.15382
v -0.33288 -0.94989 0.17882
v -0.48005 0.62684 0.18818
v -0.42107 -0.44491 0.18280
v -0.03945 -0.70089 0.17331
v -0.01761 0.77172 0.20728
v -0.49314 0.58962 0.19618
v -0.42399 0.39257 0.15691
v -0.40512 0.31975 0.18868
v 0.36462 0.10772 0.21186
v 0.38486 -0.08449 0.25703
v 0.40606 -0.12359 0.20966
v -0.04159 -0.89541 0.15861
v -0.05361 -0.91748 0.17800
v 0.04982 -0.80201 0.17680
v 0.23470 -0.96458 0.20324
v 0.09904 0.83163 0.20522
v -0.10278 0.83071 0.20580
v 0.45051 0.66842 0.17446
v 0.47518 0.64280 0.17979
v -0.52134 0.54334 0.18311
v -0.36727 0.24469 0.20940
v 0.37869 0.23878 0.19499
v 0.37678 0.20651 0.18302
v -0.37858 0.21673 0.19117
v -0.38232 -0.20496 0.19099
v -0.39779 -0.34468 0.20074
v 0.39846 -0.50821 0.20591
v -0.39979 -0.47620 0.20970
v -0.36775 -0.58221 0.21656
v 0.00113 -0.66430 0.18738
v -0.37914 -0.87030 0.18766
v 0.33684 -0.94847 0.17594
v 0.16977 -0.96035 0.20882
v -0.18409 0.77889 0.24219
v 0.01940 0.76087 0.22027
v -0.26630 0.78416 0.22092
v 0.48753 0.60607 0.19405
v -0.47583 0.45349 0.16609
v -0.37155 0.15864 0.18039
v 0.40449 -0.65982 0.18906
v -0.11381 -0.93798 0.21370
v 0.21727 0.78672 0.23287
v 0.37926 0.71149 0.20719
v 0.36692 0.24990 0.20794
v 0.39202 -0.59687 0.19160
v 0.29197 0.77376 0.21478
v -0.38420 0.70948 0.20484
v -0.51938 0.47397 0.16342
v -0.46880 0.48369 0.21270
v -0.36545 0.11653 0.21128
v 0.36328 -0.22605 0.24356
v -0.00221 -0.65541 0.21595
v -0.08075 -0.65594 0.21409
v -0.07371 -0.82025 0.20824
v -0.36848 -0.80561 0.22521
v 0.04939 -0.91288 0.17457
v 0.30641 -0.95919 0.18227
v -0.27668 -0.93619 0.21921
v 0.19530 0.75545 0.25440
v 0.38869 0.34632 0.20998
v -0.38927 0.34252 0.20726
v -0.34867 0.29391 0.24644
v -0.38746 0.06892 0.18032
v 0.37941 -0.44155 0.22360
v 0.08426 -0.65425 0.21643
v 0.37198 -0.79259 0.22320
v 0.35467 -0.87254 0.20989
v 0.07133 -0.82339 0.20625
v -0.07217 0.81330 0.21438
v -0.22545 0.73782 0.25884
v -0.02159 0.75143 0.22501
v 0.46762 0.48467 0.21289
v -0.40545 0.40299 0.24318
v 0.35612 0.33688 0.23478
v 0.36869 0.26037 0.22017
v 0.37583 -0.35290 0.22889
v -0.35847 -0.23811 0.25052
v 0.29447 -0.47203 0.24196
v 0.33109 -0.51958 0.23675
v 0.34636 -0.56206 0.23357
v 0.09210 -0.71569 0.21584
v -0.07068 -0.70395 0.20427
v -0.17371 -0.92283 0.24083
v 0.13074 -0.91842 0.23272
v -0.21541 -0.95655 0.21717
v 0.10335 0.73096 0.25599
v -0.05904 0.74516 0.23686
v 0.43242 0.41839 0.20761
v -0.36325 0.33375 0.22848
v 0.37789 0.30830 0.22299
v -0.38880 -0.15428 0.25125
v 0.35788 -0.36415 0.24147
v -0.37264 -0.39988 0.22943
v -0.40434 -0.65730 0.19013
v 0.34177 -0.78810 0.24711
v -0.14104 -0.90097 0.24288
v 0.15025 -0.87421 0.25226
v 0.20216 -0.93010 0.23924
v -0.44823 0.44818 0.23008
v 0.36552 0.37922 0.29315
v -0.40970 0.40495 0.19326
v 0.37962 0.38380 0.23552
v 0.34629 0.29652 0.24868
v 0.36312 0.29074 0.22709
v 0.36787 0.19380 0.23544
v -0.29228 -0.48335 0.24181
v -0.34942 -0.53479 0.23077
v 0.09850 -0.60686 0.23756
v -0.07800 -0.63656 0.23000
v -0.33831 -0.67446 0.25937
v 0.06485 -0.66729 0.19834
v 0.30365 -0.85309 0.24919
v 0.27208 -0.92415 0.22876
v 0.31494 0.68781 0.25920
v -0.35381 0.65986 0.26002
v 0.47165 0.51756 0.23093
v -0.45981 0.55720 0.24207
v -0.34981 0.26869 0.25747
v -0.35848 0.22063 0.26411
v -0.36897 0.19889 0.23203
v -0.35954 0.06495 0.23095
v 0.38694 -0.15743 0.25226
v -0.34685 -0.34545 0.24993
v -0.29603 -0.40809 0.25093
v 0.12441 -0.56706 0.24622
v -0.10624 -0.72879 0.22158
v 0.20495 -0.77602 0.26626
v 0.03787 0.73725 0.23468
v -0.42811 0.59278 0.25254
v 0.44768 0.57333 0.24775
v 0.34287 0.09861 0.27692
v 0.35489 0.05833 0.23876
v -0.12502 -0.56384 0.24771
v -0.17231 -0.52250 0.25763
v -0.10598 -0.59949 0.23864
v -0.16329 -0.59655 0.24854
v 0.06182 -0.64969 0.22960
v 0.32388 -0.64347 0.26500
v -0.15796 -0.84928 0.25397
v 0.25126 -0.83962 0.26613
v -0.31376 -0.84928 0.24563
v -0.20624 -0.86939 0.26060
v 0.23149 -0.90226 0.24966
v -0.24446 -0.90399 0.24699
v 0.24776 0.67385 0.27747
v -0.25187 0.67359 0.27719
v 0.37033 0.65395 0.25544
v -0.47270 0.51687 0.22913
v 0.35154 0.35932 0.26813
v -0.35402 0.36098 0.26563
v 0.33607 0.02201 0.26268
v -0.37821 -0.07275 0.26234
v -0.32329 -0.24093 0.27472
v -0.32531 -0.27635 0.27940
v 0.28137 -0.39666 0.25807
v 0.25860 -0.46401 0.26457
v 0.16876 -0.53030 0.25583
v -0.29114 -0.50627 0.24238
v 0.15608 -0.60278 0.24660
v 0.02767 -0.64305 0.28724
v -0.01046 -0.65330 0.26619
v 0.34785 -0.67517 0.25162
v -0.27688 -0.82134 0.26663
v 0.18719 -0.87134 0.25793
v -0.14265 0.71571 0.26862
v 0.45077 0.45049 0.22749
v -0.33083 0.34143 0.27156
v 0.35827 0.22175 0.26408
v 0.37610 -0.19475 0.25063
v -0.36475 -0.22170 0.24131
v 0.32711 -0.23872 0.27388
v 0.32930 -0.27155 0.27737
v 0.30481 -0.31884 0.27210
v -0.30571 -0.32383 0.27059
v -0.25005 -0.37361 0.26656
v -0.25442 -0.48178 0.26480
v 0.13615 -0.51929 0.26791
v -0.23828 -0.52285 0.26519
v 0.29038 -0.51907 0.24435
v 0.24084 -0.53718 0.26484
v -0.25776 -0.57677 0.26229
v 0.04460 -0.61602 0.30332
v -0.23173 -0.59710 0.26514
v 0.22144 -0.61043 0.26278
v -0.02150 -0.64208 0.29476
v 0.02611 0.61181 0.30867
v -0.45211 0.49881 0.24110
v -0.33954 0.02458 0.25974
v -0.29071 -0.27192 0.27572
v 0.25737 -0.36257 0.26658
v -0.21166 -0.41644 0.27653
v 0.21898 -0.42552 0.27353
v -0.08119 -0.49266 0.28407
v -0.11954 -0.52616 0.27173
v 0.28252 -0.61458 0.27085
v 0.25681 -0.59232 0.26485
v -0.22195 -0.67570 0.26613
v 0.21417 -0.67034 0.26245
v 0.29863 -0.74917 0.27399
v 0.24823 -0.70051 0.27930
v -0.29392 -0.71538 0.27703
v -0.31991 -0.77639 0.26113
v 0.43987 0.52025 0.25070
v 0.33884 0.14622 0.30497
v 0.30644 -0.02498 0.28935
v 0.25480 -0.33208 0.28150
v -0.27466 -0.30595 0.27515
v -0.16296 -0.46212 0.27251
v -0.05296 -0.62100 0.29002
v 0.26843 -0.70822 0.28213
v -0.25445 -0.70069 0.28143
v -0.30043 -0.63139 0.27136
v -0.24832 -0.80107 0.27195
v -0.08653 0.66594 0.29596
v 0.15003 0.71585 0.26838
v -0.32809 0.61808 0.28921
v -0.38731 0.41681 0.30907
v -0.34348 0.36970 0.31727
v 0.34350 -0.20254 0.29045
v 0.29256 -0.26960 0.27585
v 0.16897 -0.45903 0.27195
v 0.07764 -0.49300 0.28465
v 0.09452 -0.54737 0.28190
v 0.38352 0.41078 0.31134
v 0.31121 0.34555 0.30913
v -0.34964 0.15525 0.28166
v 0.30309 0.02983 0.29596
v 0.35483 -0.05692 0.27891
v -0.36019 -0.15084 0.29248
v 0.20777 -0.41050 0.28532
v -0.04374 -0.49908 0.29556
v -0.25496 0.61759 0.30508
v 0.39230 0.57378 0.27957
v -0.33656 0.09592 0.28133
v -0.29986 0.01850 0.29774
v 0.34968 -0.16805 0.30250
v -0.35006 -0.18682 0.29464
v -0.03547 -0.52880 0.30971
v -0.40573 0.50878 0.29581
v -0.31119 0.31241 0.29661
v -0.32394 0.19681 0.31729
v -0.27703 0.04946 0.30901
v -0.29414 -0.05237 0.30154
v 0.26535 -0.28312 0.30738
v 0.03640 -0.53023 0.30954
v -0.36616 0.54047 0.31363
v -0.40320 0.55926 0.27566
v -0.29669 0.34356 0.31695
v 0.32523 0.19965 0.31550
v 0.27716 0.05085 0.30920
v -0.32242 -0.10515 0.31339
v 0.02688 -0.50209 0.29946
v 0.00136 -0.58780 0.31980
v -0.02983 -0.61136 0.31259
v 0.07932 0.67708 0.28776
v 0.28104 0.62555 0.29748
v 0.23194 0.52164 0.36556
v 0.42031 0.49872 0.28348
v 0.29592 0.31948 0.31638
v -0.32107 0.15812 0.33240
v 0.27171 0.09647 0.32677
v 0.31703 -0.11534 0.31751
v 0.28707 -0.21483 0.32668
v 0.24358 -0.24802 0.34021
v -0.26368 -0.24699 0.32728
v -0.26807 -0.27165 0.31220
v 0.00107 -0.62985 0.31481
v -0.05908 0.59788 0.32680
v 0.03092 0.50804 0.35622
v 0.31466 0.23379 0.32751
v 0.30923 0.12252 0.32968
v -0.27102 0.09558 0.32715
v 0.28448 -0.07774 0.31081
v 0.25688 -0.20663 0.33672
v -0.31254 -0.16534 0.32168
v 0.31917 0.36127 0.33166
v -0.30415 0.21607 0.34940
v -0.31207 0.11650 0.32301
v -0.25365 -0.02212 0.34136
v -0.26682 -0.12186 0.32578
v -0.21815 -0.34667 0.32694
v -0.15219 -0.42298 0.32368
v -0.04491 -0.46098 0.31825
v 0.10224 0.62547 0.31791
v -0.22057 0.52519 0.36492
v -0.34781 0.39690 0.34251
v 0.26378 -0.02662 0.33223
v 0.26115 -0.13331 0.32854
v 0.21507 -0.35677 0.32333
v 0.16049 -0.41808 0.32324
v -0.03234 0.61811 0.30703
v 0.35816 0.57150 0.30293
v 0.36979 0.44116 0.33846
v -0.36210 0.44903 0.34523
v 0.26390 0.27423 0.35750
v 0.30062 0.20307 0.35939
v -0.27862 0.18835 0.37732
v -0.25579 -0.19324 0.33613
v -0.08401 0.51866 0.37123
v -0.28562 0.51162 0.36061
v 0.23113 -0.06439 0.35659
v -0.01856 0.51363 0.35151
v -0.33023 0.49904 0.35165
v -0.26867 0.34810 0.34131
v -0.26816 0.15088 0.35833
v -0.22643 -0.06976 0.35816
v 0.20729 -0.27382 0.36988
v -0.15531 -0.36500 0.36282
v 0.04079 -0.45202 0.32432
v 0.31150 0.38155 0.35998
v -0.30045 0.37493 0.35893
v -0.21368 0.35225 0.37041
v 0.24310 0.06522 0.34829
v -0.08290 -0.40646 0.35442
v -0.12058 0.52472 0.37275
v 0.07713 0.54085 0.35988
v 0.34951 0.50170 0.34220
v 0.03040 0.46268 0.36744
v 0.03880 0.38560 0.37487
v -0.05811 0.40137 0.37127
v 0.23360 0.34743 0.36273
v -0.27785 0.27321 0.34372
v 0.27815 0.19825 0.38106
v 0.25995 0.14926 0.36099
v -0.24330 0.06985 0.34902
v 0.20000 0.00046 0.39184
v 0.20629 -0.20665 0.37669
v 0.11951 -0.39350 0.35798
v -0.11410 -0.35954 0.37897
v 0.28944 0.50614 0.36235
v 0.08260 0.47387 0.38533
v -0.29631 0.43811 0.38305
v -0.02163 0.46161 0.36498
v 0.31852 0.42604 0.37475
v 0.05198 0.41701 0.37012
v -0.24502 0.17365 0.38492
v 0.03413 -0.09743 0.39115
v -0.22917 -0.22137 0.35906
v -0.19320 -0.28074 0.37912
v -0.04411 -0.32267 0.40364
v 0.22092 0.45059 0.39306
v 0.29725 0.42832 0.38402
v -0.07413 0.43573 0.38774
v -0.23011 0.39842 0.38986
v 0.08026 0.39258 0.38069
v 0.12837 0.37999 0.38596
v 0.22714 0.27433 0.39215
v -0.24073 0.29986 0.37025
v 0.22254 0.12437 0.38877
v -0.18788 0.07266 0.39310
v 0.17668 -0.05092 0.39463
v -0.00095 -0.04480 0.40013
v -0.03510 -0.09244 0.38911
v 0.02529 -0.07842 0.39330
v -0.00024 -0.09774 0.37053
v -0.19445 -0.15109 0.38026
v 0.16964 -0.27563 0.39277
v 0.16371 -0.33769 0.37248
v -0.00241 -0.37864 0.36888
v 0.13172 0.49104 0.38602
v -0.25804 0.47558 0.38057
v -0.19861 0.45051 0.39466
v 0.23665 0.39112 0.38724
v 0.07935 0.43115 0.38971
v -0.30268 0.41699 0.38011
v -0.12684 0.37855 0.38528
v 0.17034 0.36690 0.38002
v -0.01848 0.35491 0.38602
v 0.22058 0.18970 0.40431
v -0.08892 -0.09454 0.39727
v 0.16088 -0.13947 0.39811
v -0.14549 -0.15021 0.40475
v 0.12041 -0.32161 0.39634
v -0.08676 0.46108 0.39030
v 0.12872 0.43193 0.39768
v -0.12959 0.41593 0.39594
v 0.10848 0.35731 0.39857
v -0.14902 0.33699 0.40136
v 0.15185 -0.09846 0.39144
v -0.18145 -0.04227 0.39465
v -0.08736 0.39255 0.38330
v 0.17213 0.33639 0.39427
v -0.00259 0.33122 0.39344
v -0.22792 0.25147 0.40192
v 0.18630 0.07204 0.39459
v -0.15140 0.02204 0.41290
v -0.20944 0.00667 0.38578
v 0.10267 -0.09590 0.39825
v -0.14590 -0.09850 0.39388
v 0.00639 -0.12580 0.39178
v 0.15390 -0.21778 0.40637
v -0.18303 -0.22579 0.39110
v -0.14298 -0.23220 0.41030
v 0.04831 -0.35248 0.38848
v 0.21628 0.25296 0.40543
v 0.01660 0.28211 0.40455
v 0.00204 0.24274 0.40335
v 0.06616 0.23298 0.42533
v -0.00011 0.13374 0.41357
v 0.04116 0.12028 0.42119
v -0.00096 0.01579 0.41589
v -0.11183 -0.00718 0.41879
v -0.07038 -0.16284 0.41907
v 0.00029 -0.18592 0.41205
v 0.11335 -0.24085 0.41832
v -0.06404 -0.26591 0.42075
v -0.12510 -0.30568 0.40133
v -0.08872 0.29113 0.41655
v 0.10011 0.28886 0.41858
v -0.14188 0.28098 0.41770
v -0.09207 0.26146 0.42033
v -0.03173 0.25989 0.40718
v 0.15901 0.16531 0.42754
v -0.22496 0.20428 0.40276
v -0.17452 0.12903 0.41737
v -0.14075 0.09200 0.41658
v 0.08213 0.02469 0.42376
v -0.05020 0.00874 0.42203
v 0.14148 -0.00171 0.41419
v 0.07362 -0.01341 0.41853
v -0.07063 -0.21179 0.42464
v 0.05304 -0.27812 0.41875
v 0.00006 -0.28329 0.41334
v 0.14382 0.28710 0.41627
v 0.08882 0.26208 0.41958
v -0.00065 0.19839 0.41977
v -0.04112 0.12167 0.42131
v 0.12414 0.10152 0.42184
v -0.10221 0.11085 0.42357
v 0.06641 -0.17939 0.42328
v 0.00023 -0.22567 0.41690
v 0.12735 0.19923 0.43198
v -0.11464 0.19942 0.43306
v -0.05770 0.19512 0.43147
v -0.15789 0.19331 0.42823
v -0.10732 0.15132 0.43279
v 0.08953 0.16307 0.43414
vn 0.0337 0.0406 -0.9986
vn -0.1787 0.1336 -0.9748
vn 0.0310 -0.1648 -0.9858
vn -0.0681 0.0193 -0.9975
vn -0.1223 0.0126 -0.9924
vn 0.1371 0.0699 -0.9881
vn -0.1496 0.2053 -0.9672
vn 0.1036 0.0055 -0.9946
vn 0.0090 -0.2019 -0.9794
vn -0.2520 0.0040 -0.9677
vn 0.2106 -0.1646 -0.9636
vn -0.0349 -0.3136 -0.9489
vn -0.0398 -0.1474 -0.9883
vn 0.1970 0.2139 -0.9568
vn 0.1577 0.2657 -0.9511
vn 0.2034 0.1459 -0.9681
vn -0.3294 0.1480 -0.9325
vn 0.1867 -0.0256 -0.9821
vn -0.2634 0.0524 -0.9633
vn 0.1836 -0.0966 -0.9782
vn -0.2168 -0.1403 -0.9661
vn -0.1383 0.3127 -0.9397
vn 0.3471 0.1526 -0.9253
vn -0.1959 0.1619 -0.9672
vn 0.2613 0.0478 -0.9641
vn 0.3162 -0.0227 -0.9484
vn -0.3038 -0.0180 -0.9526
vn -0.0952 -0.4490 -0.8885
vn 0.1375 0.3987 -0.9067
vn 0.4213 0.3431 -0.8395
vn -0.4194 0.3619 -0.8325
vn 0.3037 0.0221 -0.9525
vn -0.1695 -0.1150 -0.9788
vn 0.0073 -0.4239 -0.9057
vn 0.2581 -0.4279 -0.8662
vn -0.1208 -0.1391 -0.9829
vn 0.2103 -0.4549 -0.8653
vn 0.2518 0.5259 -0.8124
vn -0.1393 0.3811 -0.9140
vn 0.2138 0.2138 -0.9532
vn -0.1984 -0.0663 -0.9779
vn -0.2119 0.1397 -0.9673
vn 0.1430 0.0677 -0.9874
vn -0.2098 -0.0139 -0.9776
vn 0.1514 -0.0662 -0.9863
vn -0.4157 -0.0332 -0.9089
vn -0.2894 0.5530 -0.7813
vn -0.2450 0.2819 -0.9276
vn 0.4327 -0.0251 -0.9012
vn -0.1565 -0.3687 -0.9163
vn -0.0783 -0.3453 -0.9352
vn 0.0872 0.5890 -0.8034
vn 0.2065 -0.0555 -0.9769
vn -0.3432 -0.0724 -0.9365
vn 0.0249 -0.5102 -0.8597
vn -0.1939 -0.3317 -0.9232
vn -0.0258 -0.2652 -0.9639
vn 0.0384 -0.2578 -0.9654
vn -0.1109 0.5849 -0.8035
vn -0.3557 0.4219 -0.8340
vn 0.2914 0.3198 -0.9015
vn -0.2982 0.2956 -0.9076
vn 0.3634 0.2363 -0.9012
vn -0.3193 0.1605 -0.9340
vn -0.4680 -0.0117 -0.8837
vn 0.2858 -0.3461 -0.8936
vn -0.2595 -0.2992 -0.9182
vn 0.0537 0.6269 -0.7772
vn 0.3415 0.3483 -0.8729
vn -0.3944 0.2984 -0.8691
vn 0.2937 0.2157 -0.9312
vn 0.2822 -0.2583 -0.9239
vn -0.2295 -0.1959 -0.9534
vn 0.3513 -0.0726 -0.9334
vn -0.0732 -0.5380 -0.8397
vn 0.0740 -0.5345 -0.8419
vn -0.0236 -0.5544 -0.8319
vn -0.3413 0.3478 -0.8732
vn -0.3845 -0.1941 -0.9025
vn -0.0147 -0.3553 -0.9346
vn 0.4610 0.5376 -0.7061
vn -0.2747 0.5988 -0.7523
vn -0.4783 0.5321 -0.6987
vn 0.2930 -0.1330 -0.9468
vn 0.3740 -0.1536 -0.9146
vn 0.4693 -0.1364 -0.8724
vn 0.3277 -0.2462 -0.9121
vn 0.1250 -0.3495 -0.9286
vn -0.1415 0.4827 -0.8643
vn -0.3862 0.4921 -0.7802
vn 0.4062 0.4268 -0.8080
vn 0.3790 0.4810 -0.7906
vn 0.3568 0.4632 -0.8113
vn -0.3583 0.5007 -0.7880
vn -0.4500 -0.0165 -0.8929
vn 0.2146 -0.3878 -0.8964
vn -0.1640 -0.4053 -0.8993
vn -0.3785 -0.1549 -0.9125
vn 0.3849 -0.4601 -0.8001
vn 0.0997 -0.4037 -0.9095
vn -0.3350 -0.4676 -0.8180
vn -0.1174 -0.2857 -0.9511
vn 0.0402 0.2380 -0.9704
vn -0.0639 0.2681 -0.9613
vn -0.4204 0.6046 -0.6766
vn 0.3466 0.6534 -0.6730
vn -0.2792 0.5475 -0.7888
vn -0.2723 -0.2870 -0.9184
vn -0.4579 -0.0107 -0.8890
vn -0.1175 -0.1899 -0.9747
vn 0.0808 -0.4682 -0.8799
vn 0.0619 -0.2419 -0.9683
vn 0.0266 0.5918 -0.8056
vn 0.0473 0.2561 -0.9655
vn -0.0004 0.2391 -0.9710
vn 0.5006 0.1540 -0.8518
vn 0.0824 -0.2736 -0.9583
vn 0.0124 -0.3776 -0.9259
vn -0.0331 0.2847 -0.9581
vn 0.0818 -0.0951 -0.9921
vn -0.0532 0.0825 -0.9952
vn -0.1949 0.0109 -0.9808
vn -0.2255 -0.1634 -0.9604
vn 0.2025 0.4502 -0.8696
vn 0.4736 0.5933 -0.6509
vn 0.1489 -0.5356 -0.8312
vn -0.1779 -0.3137 -0.9327
vn 0.0336 -0.3841 -0.9227
vn 0.1510 0.1055 -0.9829
vn 0.0070 0.3361 -0.9418
vn 0.3318 0.1083 -0.9371
vn -0.3574 0.2156 -0.9087
vn 0.1695 -0.1696 -0.9708
vn -0.0912 -0.4185 -0.9036
vn 0.1095 0.5618 -0.8200
vn 0.0403 0.3531 -0.9347
vn 0.2648 0.6113 -0.7458
vn -0.0598 0.3631 -0.9298
vn -0.0115 0.3522 -0.9359
vn -0.4422 0.4072 -0.7991
vn 0.5678 0.4282 -0.7031
vn -0.5213 -0.5615 -0.6427
vn 0.2512 -0.2367 -0.9385
vn -0.0208 -0.3945 -0.9187
vn 0.1157 -0.2171 -0.9693
vn 0.2346 0.3035 -0.9235
vn -0.2456 0.2476 -0.9372
vn 0.4023 0.0793 -0.9121
vn -0.2725 0.0595 -0.9603
vn 0.1621 -0.3447 -0.9246
vn -0.3643 -0.2612 -0.8939
vn -0.2277 -0.4273 -0.8750
vn -0.3979 0.6247 -0.6719
vn 0.4428 0.6061 -0.6607
vn -0.3379 0.6640 -0.6670
vn -0.5224 0.2314 -0.8207
vn 0.2194 -0.3477 -0.9116
vn 0.3629 -0.1457 -0.9203
vn -0.0144 -0.3824 -0.9239
vn -0.1548 -0.2215 -0.9628
vn 0.6130 0.1903 -0.7668
vn 0.3517 -0.0732 -0.9333
vn 0.4547 0.6463 -0.6128
vn 0.6726 0.3435 -0.6555
vn -0.5678 0.4968 -0.6564
vn -0.6763 0.3425 -0.6522
vn -0.3921 -0.0999 -0.9145
vn -0.4905 -0.3402 -0.8023
vn 0.4148 -0.5035 -0.7579
vn 0.3291 -0.2675 -0.9056
vn -0.0176 -0.3164 -0.9485
vn 0.2659 0.2467 -0.9319
vn 0.1060 0.4645 -0.8792
vn -0.4521 0.0381 -0.8912
vn 0.4850 -0.3863 -0.7846
vn 0.0479 -0.4487 -0.8924
vn -0.0926 -0.5823 -0.8077
vn -0.0286 0.4282 -0.9032
vn -0.0064 0.2670 -0.9637
vn -0.0302 0.4903 -0.8711
vn -0.4113 -0.5082 -0.7567
vn -0.3599 -0.2927 -0.8859
vn -0.1948 0.5393 -0.8193
vn -0.6209 0.2455 -0.7445
vn 0.6256 -0.0574 -0.7780
vn -0.6734 -0.0447 -0.7380
vn 0.0941 -0.5509 -0.8293
vn -0.2735 0.6724 -0.6878
vn -0.4895 0.6436 -0.5883
vn 0.5178 -0.4906 -0.7008
vn -0.3680 -0.2849 -0.8851
vn 0.2145 -0.4581 -0.8626
vn -0.0644 -0.3435 -0.9369
vn -0.0764 0.4970 -0.8644
vn 0.5901 0.0150 -0.8072
vn -0.8785 0.0999 -0.4671
vn 0.2998 -0.3954 -0.8682
vn 0.5229 0.2619 -0.8112
vn -0.3352 -0.3067 -0.8908
vn 0.0632 -0.3596 -0.9310
vn -0.1174 -0.4236 -0.8982
vn -0.4602 -0.4729 -0.7513
vn 0.1268 0.5366 -0.8343
vn -0.4408 0.5692 -0.6940
vn 0.4777 0.0003 -0.8785
vn 0.6480 -0.4567 -0.6095
vn 0.5111 -0.3398 -0.7895
vn 0.0645 -0.3871 -0.9198
vn -0.5179 0.2424 -0.8204
vn 0.8005 0.0148 -0.5991
vn 0.4357 -0.1313 -0.8905
vn 0.5703 -0.3670 -0.7349
vn -0.5721 -0.1632 -0.8038
vn 0.0164 0.2726 -0.9620
vn -0.2650 0.6640 -0.6992
vn 0.4657 0.5548 -0.6895
vn -0.2495 -0.2978 -0.9214
vn 0.3048 -0.3459 -0.8874
vn -0.6954 -0.5733 -0.4333
vn -0.2130 -0.4574 -0.8634
vn 0.1641 0.5932 -0.7881
vn -0.2017 0.5074 -0.8378
vn 0.4022 0.4081 -0.8195
vn 0.5679 0.1816 -0.8028
vn -0.0947 0.1818 -0.9788
vn 0.8778 0.0725 -0.4736
vn -0.6895 0.0780 -0.7201
vn 0.1701 -0.6344 -0.7540
vn -0.3197 0.3381 -0.8851
vn -0.4862 0.6344 -0.6009
vn -0.5480 0.2987 -0.7813
vn -0.6855 0.1446 -0.7136
vn 0.4629 -0.1143 -0.8790
vn -0.4833 -0.1295 -0.8658
vn 0.4793 -0.3187 -0.8177
vn 0.3825 -0.4928 -0.7816
vn 0.1194 -0.4330 -0.8935
vn -0.1085 -0.3659 -0.9243
vn 0.4084 0.3680 -0.8353
vn 0.3113 0.3998 -0.8621
vn -0.3968 0.4125 -0.8200
vn -0.0587 0.4049 -0.9125
vn 0.6082 0.2247 -0.7613
vn 0.8544 0.0556 -0.5167
vn 0.6039 0.2677 -0.7508
vn 0.6581 -0.1191 -0.7435
vn 0.0243 0.2671 -0.9634
vn -0.0021 0.2395 -0.9709
vn -0.0661 0.2434 -0.9677
vn 0.4926 0.6510 -0.5776
vn -0.3609 0.6882 -0.6294
vn -0.5297 0.4978 -0.6868
vn 0.6645 0.2045 -0.7188
vn -0.6714 0.0976 -0.7346
vn -0.5527 -0.3552 -0.7539
vn 0.2337 -0.3854 -0.8927
vn -0.1549 0.6229 -0.7668
vn 0.3277 0.4367 -0.8378
vn -0.3567 0.4061 -0.8413
vn 0.3489 -0.5326 -0.7711
vn -0.1311 -0.6682 -0.7324
vn -0.2743 -0.8162 -0.5086
vn 0.4582 0.8078 -0.3708
vn 0.3642 0.6872 -0.6286
vn -0.4267 0.6854 -0.5901
vn 0.7279 0.1044 -0.6777
vn 0.3173 -0.4730 -0.8219
vn 0.5790 -0.7287 -0.3657
vn -0.6033 -0.5042 -0.6179
vn 0.2774 -0.5066 -0.8163
vn 0.0177 0.5814 -0.8134
vn -0.1085 0.5813 -0.8064
vn -0.6946 -0.2188 -0.6853
vn -0.8728 0.0756 -0.4821
vn -0.7800 -0.2005 -0.5928
vn 0.4092 -0.2817 -0.8679
vn 0.4193 -0.5590 -0.7154
vn 0.1182 0.5823 -0.8043
vn -0.8039 -0.0201 -0.5944
vn 0.1299 0.1340 -0.9824
vn 0.4525 0.3306 -0.8282
vn 0.2567 0.6798 -0.6870
vn 0.5240 0.4370 -0.7310
vn 0.6058 0.1192 -0.7866
vn 0.7384 0.0425 -0.6730
vn -0.0617 -0.4246 -0.9033
vn -0.2677 -0.4514 -0.8512
vn 0.0431 -0.3788 -0.9245
vn -0.6045 0.2262 -0.7638
vn 0.9438 -0.0531 -0.3262
vn 0.1830 0.2813 -0.9420
vn -0.1067 0.4467 -0.8883
vn 0.5683 0.6439 -0.5123
vn 0.3203 0.7054 -0.6323
vn 0.5091 0.7646 -0.3952
vn 0.4188 0.7646 -0.4899
vn -0.5812 0.1399 -0.8017
vn -0.4342 -0.5001 -0.7492
vn 0.6907 -0.4917 -0.5302
vn -0.5882 -0.4672 -0.6601
vn -0.4259 -0.5639 -0.7076
vn -0.3630 -0.5509 -0.7515
vn -0.1162 -0.4359 -0.8925
vn -0.2724 -0.3858 -0.8815
vn -0.1369 0.5683 -0.8113
vn 0.5194 -0.6158 -0.5924
vn 0.2514 -0.7987 -0.5468
vn 0.1491 -0.6364 -0.7568
vn 0.1175 0.5045 -0.8553
vn -0.5968 0.4261 -0.6799
vn -0.5945 0.4104 -0.6915
vn -0.4734 0.7772 -0.4145
vn -0.4278 0.7789 -0.4587
vn 0.4483 0.6641 -0.5984
vn -0.3378 -0.3741 -0.8637
vn 0.0942 0.5337 -0.8404
vn -0.0652 0.4721 -0.8791
vn -0.4052 0.4007 -0.8217
vn 0.7847 0.0314 -0.6191
vn -0.8990 -0.0813 -0.4304
vn 0.5280 -0.7488 -0.4006
vn -0.1931 -0.6461 -0.7385
vn -0.3377 -0.5329 -0.7759
vn -0.2832 0.3234 -0.9029
vn -0.6759 0.5580 -0.4815
vn 0.4695 0.8625 -0.1886
vn 0.7739 0.2806 -0.5677
vn -0.7791 0.2905 -0.5556
vn 0.4833 -0.5195 -0.7046
vn 0.5240 -0.5759 -0.6275
vn -0.5321 -0.5644 -0.6311
vn 0.2022 -0.3928 -0.8971
vn -0.3798 -0.5074 -0.7735
vn -0.0231 -0.2719 -0.9621
vn 0.1292 0.5160 -0.8468
vn -0.0025 0.3425 -0.9395
vn 0.5436 -0.7434 -0.3897
vn -0.4380 -0.6640 -0.6060
vn -0.5268 -0.6691 -0.5241
vn -0.0467 -0.7845 -0.6183
vn 0.5345 0.3844 -0.7527
vn 0.7558 0.3279 -0.5668
vn -0.3999 0.8088 -0.4312
vn -0.4845 -0.7503 -0.4498
vn 0.4012 -0.5319 -0.7458
vn 0.1192 0.1298 -0.9843
vn -0.0288 0.0766 -0.9966
vn -0.0179 0.0472 -0.9987
vn -0.0643 0.3881 -0.9194
vn -0.1488 0.1800 -0.9723
vn 0.1096 0.1904 -0.9756
vn -0.1513 0.1342 -0.9793
vn -0.8766 -0.2319 -0.4217
vn -0.6611 -0.3186 -0.6793
vn 0.7044 -0.5483 -0.4508
vn 0.2571 -0.3184 -0.9124
vn -0.1349 -0.2356 -0.9624
vn 0.2828 0.0678 -0.9568
vn 0.2891 0.0898 -0.9531
vn -0.3211 0.0738 -0.9442
vn -0.0952 0.1130 -0.9890
vn 0.4185 0.4151 -0.8078
vn 0.0520 0.3567 -0.9328
vn -0.5148 0.3986 -0.7590
vn 0.3687 -0.8382 -0.4018
vn -0.0619 -0.7223 -0.6888
vn 0.1086 0.8048 -0.5835
vn 0.4368 0.6093 -0.6618
vn -0.1249 0.6888 -0.7141
vn -0.5086 0.7510 -0.4211
vn -0.4903 0.8700 -0.0523
vn -0.4709 0.7554 -0.4557
vn 0.6922 0.5826 -0.4260
vn 0.7229 -0.1646 -0.6711
vn -0.1666 -0.7191 -0.6746
vn 0.2495 -0.6800 -0.6895
vn 0.7986 -0.4572 -0.3914
vn 0.6713 -0.5699 -0.4739
vn 0.2430 -0.4884 -0.8381
vn -0.3849 -0.3816 -0.8404
vn -0.3192 0.2231 -0.9210
vn 0.6632 0.2617 -0.7012
vn 0.8382 -0.1543 -0.5231
vn -0.6505 -0.6973 -0.3010
vn 0.3395 -0.1577 -0.9273
vn -0.2495 0.0605 -0.9665
vn 0.2532 0.0477 -0.9662
vn -0.9446 -0.0208 -0.3276
vn 0.4684 -0.3458 -0.8131
vn -0.8334 0.3498 -0.4278
vn -0.4612 0.8800 -0.1140
vn -0.4970 0.8293 -0.2554
vn -0.7019 0.5740 -0.4217
vn -0.7278 -0.1763 -0.6628
vn 0.5677 -0.5066 -0.6489
vn -0.0420 -0.4030 -0.9142
vn -0.3931 -0.1925 -0.8991
vn 0.0319 0.0080 -0.9995
vn 0.3662 0.1958 -0.9097
vn -0.3998 0.0390 -0.9158
vn 0.2108 0.2959 -0.9317
vn 0.2436 0.4428 -0.8629
vn -0.8231 -0.0017 -0.5678
vn 0.9341 -0.0017 -0.3569
vn 0.1698 -0.5477 -0.8193
vn 0.1068 -0.5398 -0.8350
vn -0.1518 -0.2795 -0.9481
vn -0.0613 0.9053 -0.4202
vn 0.8733 0.4468 -0.1942
vn 0.5116 0.8461 0.1492
vn 0.2113 -0.8281 -0.5192
vn -0.4789 -0.4682 -0.7426
vn 0.5057 -0.0855 -0.8585
vn -0.0207 0.1126 -0.9934
vn -0.1713 0.4118 -0.8950
vn -0.3065 0.4975 -0.8115
vn -0.6996 0.2152 -0.6813
vn 0.8773 -0.1726 -0.4478
vn 0.8080 -0.1708 -0.5639
vn 0.6482 -0.7392 -0.1829
vn -0.6421 -0.1243 -0.7565
vn -0.2243 -0.3256 -0.9185
vn -0.1494 0.9703 -0.1904
vn 0.4219 0.9049 0.0571
vn -0.5013 0.7922 -0.3481
vn -0.7994 -0.4288 -0.4208
vn -0.6915 -0.1708 -0.7018
vn 0.3615 0.1567 -0.9191
vn 0.1467 -0.9619 -0.2306
vn -0.9110 -0.0183 -0.4121
vn 0.7171 -0.0686 -0.6936
vn -0.3868 0.9030 0.1872
vn -0.9238 0.2165 -0.3157
vn -0.8487 0.0885 -0.5215
vn -0.8568 -0.4602 -0.2328
vn -0.7559 -0.4578 -0.4680
vn -0.7053 -0.5636 -0.4301
vn 0.4237 -0.4381 -0.7928
vn 0.3561 -0.4766 -0.8038
vn 0.4665 0.4008 -0.7885
vn 0.6296 0.3955 -0.6687
vn 0.9192 -0.1491 -0.3646
vn -0.8334 -0.5437 -0.0992
vn 0.4288 -0.3737 -0.8225
vn -0.0705 -0.2474 -0.9663
vn -0.2357 -0.2477 -0.9397
vn 0.1269 -0.2510 -0.9596
vn 0.3860 0.8578 0.3395
vn -0.4308 0.8565 0.2842
vn 0.4788 0.8375 -0.2633
vn 0.8448 -0.0896 -0.5275
vn 0.6060 -0.7483 -0.2699
vn -0.2023 -0.8781 -0.4337
vn -0.6065 -0.7686 -0.2034
vn -0.4121 -0.3194 -0.8533
vn -0.3486 0.2007 -0.9155
vn -0.2405 0.1947 -0.9509
vn -0.5811 0.4123 -0.7016
vn 0.8295 -0.5514 -0.0888
vn 0.2105 -0.3138 -0.9258
vn 0.4030 -0.2677 -0.8752
vn 0.1044 0.9729 -0.2062
vn 0.7256 0.6093 -0.3198
vn -0.8598 0.4450 -0.2505
vn 0.9683 0.2322 0.0919
vn -0.8874 0.4606 0.0171
vn 0.4936 0.8080 -0.3219
vn 0.9185 0.2300 -0.3217
vn 0.8890 0.0617 -0.4537
vn -0.6299 -0.4293 -0.6472
vn 0.4657 -0.4408 -0.7674
vn 0.2875 0.2499 -0.9246
vn -0.8336 -0.5430 -0.1014
vn 0.8253 -0.5594 -0.0774
vn 0.7854 0.0705 -0.6150
vn -0.8041 0.0448 -0.5928
vn -0.3502 -0.7079 -0.6133
vn -0.0635 -0.4421 -0.8947
vn 0.6466 0.6275 0.4338
vn -0.5908 0.6731 0.4449
vn 0.6509 -0.4335 -0.6233
vn 0.2666 -0.7675 -0.5830
vn 0.3038 -0.9141 -0.2686
vn 0.1905 0.0222 -0.9814
vn -0.4030 0.2909 -0.8677
vn 0.8311 -0.0361 -0.5550
vn -0.9322 -0.1072 -0.3458
vn -0.8298 -0.5538 -0.0692
vn 0.8225 -0.5281 -0.2113
vn 0.4020 0.8804 -0.2516
vn -0.8905 0.4437 -0.1007
vn 0.9683 0.2392 -0.0717
vn -0.8484 -0.0512 -0.5269
vn 0.8141 -0.4431 -0.3754
vn 0.8612 -0.4657 -0.2036
vn -0.5005 -0.1138 -0.8582
vn -0.8403 -0.4940 -0.2232
vn -0.6947 -0.6858 -0.2171
vn 0.6147 -0.5808 -0.5338
vn 0.7730 -0.1325 -0.6204
vn -0.6400 -0.4718 -0.6065
vn -0.5031 0.7844 -0.3628
vn -0.1510 -0.9232 -0.3534
vn 0.8204 -0.5504 -0.1550
vn 0.8742 -0.4650 -0.1399
vn -0.8925 -0.4510 -0.0008
vn -0.8457 -0.4994 -0.1881
vn -0.4764 -0.8185 -0.3210
vn -0.4575 -0.2454 -0.8547
vn -0.3834 -0.4168 -0.8242
vn 0.0613 0.9963 -0.0608
vn 0.8820 0.4442 -0.1572
vn 0.9401 0.1275 0.3162
vn -0.9243 0.2224 0.3101
vn 0.0801 -0.9037 -0.4206
vn -0.8508 -0.4939 -0.1794
vn 0.6162 -0.1111 -0.7798
vn -0.3878 -0.0532 -0.9202
vn -0.7383 0.3598 -0.5705
vn 0.8646 0.2352 -0.4440
vn 0.6682 -0.6719 -0.3195
vn 0.6171 -0.2351 -0.7509
vn -0.1989 -0.2916 -0.9357
vn -0.7349 0.6675 -0.1196
vn 0.2906 0.7116 0.6397
vn 0.3155 0.9489 -0.0080
vn -0.8354 -0.5437 0.0811
vn 0.4114 0.0262 -0.9111
vn -0.9020 0.1871 -0.3891
vn 0.9358 -0.1001 -0.3380
vn -0.8768 0.0772 -0.4745
vn 0.4935 -0.2694 -0.8269
vn -0.7092 -0.3099 -0.6333
vn 0.3205 -0.5442 -0.7753
vn -0.3272 -0.4967 -0.8039
vn 0.0458 -0.4443 -0.8947
vn 0.9812 0.1931 -0.0032
vn -0.6346 0.4880 0.5993
vn -0.2851 0.5188 0.8060
vn 0.9088 0.4171 0.0099
vn -0.9702 0.2423 -0.0033
vn -0.9471 0.0035 -0.3208
vn 0.7901 -0.5114 -0.3380
vn 0.4737 0.1515 -0.8676
vn -0.9641 -0.0639 -0.2578
vn 0.8744 -0.2506 -0.4155
vn -0.0537 -0.9352 -0.3499
vn 0.7627 -0.0568 -0.6443
vn -0.7341 -0.0286 -0.6784
vn -0.6611 -0.6903 -0.2940
vn -0.5782 -0.2336 -0.7817
vn 0.3125 -0.4832 -0.8178
vn -0.3120 -0.6492 -0.6937
vn -0.4794 0.8734 -0.0860
vn -0.3170 0.7729 0.5496
vn 0.4783 0.8780 -0.0178
vn -0.6267 -0.5778 -0.5229
vn 0.8245 0.3237 -0.4642
vn -0.8782 -0.2219 -0.4237
vn 0.8825 0.0844 -0.4627
vn -0.2951 -0.8766 -0.3801
vn -0.9714 0.2374 0.0041
vn -0.9912 0.0441 0.1250
vn 0.2349 0.8402 0.4887
vn 0.0660 0.4131 0.9083
vn -0.4277 0.9030 0.0412
vn -0.5103 0.8597 -0.0232
vn 0.5836 0.8067 -0.0931
vn -0.1004 -0.9634 -0.2487
vn -0.2367 -0.7798 -0.5796
vn 0.8944 -0.4473 -0.0023
vn 0.7648 -0.3686 -0.5284
vn 0.0755 -0.7388 -0.6697
vn 0.9984 0.0417 0.0373
vn 0.9975 0.0098 0.0698
vn 0.7150 0.3506 0.6049
vn 0.3857 0.9068 0.1702
vn 0.9723 0.1941 0.1300
vn 0.9770 -0.0482 -0.2077
vn 0.5222 -0.7709 -0.3647
vn -0.8606 -0.4417 -0.2536
vn -0.6251 0.1137 -0.7722
vn -0.6974 0.1117 -0.7080
vn 0.7610 -0.3982 -0.5122
vn 0.4875 0.8718 -0.0479
vn 0.9857 0.0248 0.1667
vn -0.3080 0.9016 0.3037
vn -0.4024 0.9008 0.1630
vn 0.5181 0.8535 -0.0550
vn -0.5972 0.7984 -0.0763
vn -0.9791 0.0840 -0.1854
vn 0.8684 -0.2282 -0.4402
vn -0.7103 -0.6681 -0.2216
vn 0.9242 -0.3812 0.0225
vn -0.9117 -0.4106 -0.0176
vn 0.6967 0.0662 -0.7143
vn -0.2166 -0.9177 -0.3329
vn -0.7168 -0.6194 -0.3202
vn -0.7867 -0.0865 -0.6113
vn -0.5544 -0.4229 -0.7168
vn -0.5100 -0.6775 -0.5300
vn 0.1006 -0.8736 -0.4762
vn 0.0293 0.9839 0.1764
vn 0.4217 0.5134 0.7474
vn -0.4739 0.7980 0.3722
vn 0.9891 0.0703 -0.1293
vn -0.8566 -0.2663 -0.4419
vn 0.7726 0.3108 -0.5536
vn -0.8547 0.0870 -0.5118
vn -0.8660 -0.1443 -0.4787
vn 0.7501 0.0652 -0.6581
vn 0.7787 -0.2270 -0.5849
vn 0.5600 -0.5069 -0.6553
vn -0.2042 0.9789 0.0020
vn -0.5077 0.8564 0.0943
vn -0.0687 0.7056 0.7053
vn -0.2376 0.8453 0.4786
vn 0.0747 0.5916 0.8028
vn 0.2131 0.8843 0.4154
vn -0.3302 -0.9412 0.0711
vn 0.2715 -0.9452 -0.1811
vn -0.8206 0.3243 -0.4705
vn 0.5274 -0.7712 -0.3565
vn 0.9262 -0.2199 -0.3061
vn -0.1766 -0.9590 -0.2216
vn 0.8052 0.5923 0.0271
vn -0.8622 0.5059 0.0267
vn 0.9302 0.3333 0.1538
vn -0.6423 0.3080 0.7019
vn 0.0562 0.7077 0.7042
vn -0.3719 0.4642 0.8039
vn -0.5080 0.7783 0.3690
vn -0.9248 0.3631 0.1133
vn -0.3151 -0.9481 -0.0423
vn 0.3951 -0.9052 0.1568
vn -0.1687 -0.9264 -0.3366
vn 0.0375 -0.9317 -0.3612
vn 0.8434 -0.5302 0.0868
vn -0.7830 -0.4134 -0.4648
vn 0.8077 -0.0235 -0.5892
vn -0.8044 0.0011 -0.5941
vn 0.8430 -0.0268 -0.5373
vn 0.8069 0.0892 -0.5839
vn -0.8242 0.1701 -0.5402
vn -0.7970 -0.1786 -0.5770
vn 0.8564 -0.2276 -0.4634
vn -0.8769 -0.3625 -0.3157
vn -0.5967 -0.7694 -0.2281
vn -0.9383 0.1712 0.3004
vn -0.9928 0.0086 0.1194
vn 0.7856 -0.4464 -0.4285
vn 0.3602 -0.9309 -0.0607
vn 0.8758 0.1585 -0.4560
vn -0.8380 -0.2212 -0.4988
vn 0.3640 -0.7345 -0.5727
vn 0.1500 -0.9869 -0.0588
vn -0.9946 -0.0533 -0.0895
vn 0.3286 0.5008 0.8007
vn -0.2135 0.7902 0.5745
vn 0.3768 0.8375 0.3956
vn -0.9796 -0.0694 -0.1887
vn -0.4454 -0.8866 0.1243
vn 0.9834 0.0380 -0.1777
vn -0.8027 0.0297 -0.5956
vn -0.8010 -0.1538 -0.5785
vn -0.8192 -0.3105 -0.4822
vn 0.9910 0.0600 0.1195
vn -0.9494 0.2025 0.2400
vn -0.2187 0.9147 0.3398
vn 0.5285 0.7546 0.3889
vn 0.8077 0.5149 0.2870
vn 0.3186 -0.9399 -0.1226
vn 0.9181 -0.0553 -0.3925
vn -0.9473 -0.0177 -0.3199
vn 0.9300 -0.1700 -0.3259
vn 0.8802 0.0787 -0.4680
vn 0.3836 -0.8754 -0.2941
vn -0.1796 0.9308 0.3182
vn -0.8553 0.4120 0.3141
vn 0.9438 0.2263 0.2410
vn -0.0011 0.5898 0.8075
vn -0.8056 0.5056 0.3090
vn 0.9452 0.0775 0.3170
vn 0.9978 -0.0164 0.0649
vn -0.9562 -0.2913 0.0302
vn -0.9581 0.0788 -0.2754
vn 0.8783 -0.1810 -0.4426
vn 0.8237 -0.2484 -0.5097
vn 0.4374 -0.8811 -0.1798
vn -0.1822 -0.9210 -0.3442
vn 0.2506 -0.9680 0.0119
vn 0.1181 0.9506 0.2869
vn -0.2519 0.8549 0.4535
vn 0.4646 0.8425 0.2727
vn 0.9076 0.2896 0.3040
vn -0.9832 0.0729 0.1671
vn -0.2223 -0.9737 -0.0504
vn 0.9365 -0.3195 -0.1449
vn 0.9239 -0.0900 -0.3718
vn 0.9170 0.2629 -0.3000
vn -0.9193 -0.1208 -0.3745
vn 0.9483 0.0512 -0.3132
vn -0.9497 -0.1504 -0.2747
vn 0.0637 -0.9777 -0.2003
vn -0.3591 0.8504 0.3846
vn 0.8765 0.1838 0.4449
vn -0.9794 0.0020 0.2021
vn -0.8327 0.5534 -0.0191
vn -0.1414 0.8280 0.5426
vn -0.0247 0.6759 0.7366
vn 0.4640 0.7662 0.4445
vn 0.7224 0.5378 0.4346
vn -0.4476 0.7876 0.4235
vn -0.9135 0.2902 0.2851
vn 0.9524 -0.0782 0.2948
vn -0.6662 -0.6483 0.3686
vn -0.1158 -0.9883 0.0991
vn -0.9022 -0.4120 0.1273
vn -0.9005 -0.2931 0.3213
vn -0.9081 -0.0994 -0.4069
vn -0.9898 0.0408 -0.1368
vn -0.9806 -0.1765 -0.0847
vn 0.4311 -0.8990 0.0774
vn 0.2797 0.9434 0.1783
vn 0.9872 -0.0255 0.1572
vn -0.9918 0.1226 0.0355
vn 0.0549 0.8149 0.5769
vn 0.0318 0.9044 0.4256
vn -0.4313 0.7624 0.4824
vn 0.7754 -0.6315 0.0001
vn 0.0896 -0.9225 0.3755
vn 0.3202 -0.9432 0.0892
vn -0.8695 0.0779 -0.4877
vn -0.9283 -0.3651 -0.0704
vn 0.8114 -0.5249 -0.2573
vn -0.3655 -0.9304 0.0265
vn 0.7279 0.1704 0.6642
vn -0.0580 0.8643 0.4997
vn -0.6047 0.6527 0.4564
vn -0.9969 -0.0616 0.0482
vn 0.9383 0.0626 -0.3401
vn -0.9518 0.2128 -0.2207
vn -0.9804 0.0044 -0.1967
vn -0.4893 -0.8198 -0.2975
vn -0.7458 -0.6311 -0.2133
vn -0.7069 0.5728 0.4150
vn -0.7628 0.1638 0.6255
vn 0.9583 0.2811 0.0512
vn 0.1804 0.9244 0.3360
vn 0.4043 0.7900 0.4609
vn 0.9820 -0.1878 -0.0210
vn 0.9043 -0.3494 0.2454
vn -0.9561 0.0173 -0.2924
vn 0.9986 0.0024 -0.0520
vn -0.7269 -0.6809 0.0895
vn 0.9531 -0.1891 -0.2362
vn 0.7738 -0.6330 -0.0222
vn 0.6357 0.6758 0.3730
vn 0.6166 0.2257 0.7543
vn 0.1263 0.9064 0.4031
vn -0.4985 0.7712 0.3959
vn 0.4496 -0.8797 0.1549
vn 0.8133 -0.3936 0.4285
vn -0.8403 -0.4028 0.3628
vn 0.9939 0.0754 -0.0807
vn -0.0273 -0.9990 0.0342
vn -0.9761 -0.1272 -0.1762
vn -0.6702 0.2243 0.7074
vn -0.9025 0.4050 0.1467
vn 0.7774 0.6287 -0.0189
vn 0.0989 0.9913 0.0865
vn -0.0430 0.8107 0.5839
vn 0.2925 -0.9094 0.2956
vn 0.6923 -0.6102 0.3852
vn -0.5569 -0.7900 0.2565
vn -0.9827 -0.1648 0.0843
vn -0.9480 -0.2962 -0.1166
vn -0.9237 -0.0145 -0.3828
vn 0.9810 0.0188 -0.1929
vn 0.8691 -0.0230 -0.4942
vn 0.9929 -0.0707 -0.0961
vn 0.8538 -0.5159 0.0698
vn 0.9937 -0.1103 -0.0182
vn 0.1309 0.8957 0.4249
vn -0.1502 0.8720 0.4659
vn 0.1821 0.8464 0.5005
vn -0.2255 0.7556 0.6149
vn -0.4860 -0.8574 0.1691
vn -0.4736 -0.4197 0.7743
vn 0.8353 -0.3401 0.4319
vn -0.8299 -0.2621 0.4925
vn -0.9464 0.0429 -0.3201
vn -0.6417 0.1502 0.7521
vn 0.8006 0.5430 0.2534
vn -0.5968 0.7720 0.2187
vn 0.2920 0.9457 0.1428
vn -0.1619 0.9709 0.1766
vn 0.3210 0.8258 0.4638
vn -0.3196 0.8313 0.4548
vn 0.8230 0.0039 0.5681
vn 0.3596 -0.8137 0.4567
vn 0.9860 -0.1310 0.1029
vn 0.9618 0.0571 -0.2678
vn -0.9968 0.0214 0.0766
vn -0.4843 -0.8533 0.1931
vn -0.5935 0.4916 0.6373
vn -0.7764 0.2267 0.5880
vn -0.0388 0.9525 0.3021
vn -0.0485 0.9689 0.2427
vn 0.5751 0.6431 0.5057
vn -0.5656 0.5983 0.5676
vn 0.8380 0.1840 0.5137
vn -0.8596 0.1433 0.4905
vn 0.8216 -0.4626 0.3331
vn 0.4899 -0.3748 0.7871
vn 0.3203 -0.8399 0.4382
vn 0.9890 -0.0668 -0.1320
vn 0.9971 0.0390 -0.0646
vn -0.8295 -0.5582 -0.0178
vn -0.0397 -0.9989 0.0229
vn 0.5498 0.5573 0.6222
vn -0.2748 0.0453 0.9604
vn 0.7795 0.2017 0.5931
vn 0.0534 0.9896 0.1335
vn 0.0068 0.9798 0.2000
vn -0.1528 0.6199 0.7697
vn -0.6474 0.1261 0.7516
vn -0.9247 0.0604 0.3759
vn -0.9534 -0.0921 0.2874
vn -0.7712 -0.1227 0.6246
vn 0.3966 -0.8142 0.4241
vn -0.3717 -0.8121 0.4499
vn 0.8529 -0.2627 0.4512
vn -0.9960 -0.0411 -0.0793
vn 0.9781 0.2068 0.0228
vn 0.9752 0.0425 -0.2174
vn -0.9954 0.0015 -0.0955
vn 0.9817 -0.0220 0.1892
vn -0.9660 -0.2195 0.1369
vn 0.9217 -0.3722 -0.1095
vn -0.0044 -0.9942 0.1077
vn 0.6018 0.2205 0.7676
vn -0.0132 -0.0742 0.9972
vn -0.5444 0.3206 0.7752
vn 0.2491 0.6751 0.6944
vn 0.0389 0.7648 0.6431
vn -0.3467 0.7383 0.5786
vn -0.7544 0.4115 0.5114
vn 0.5983 0.1379 0.7893
vn -0.6709 -0.5277 0.5209
vn -0.8422 -0.0897 0.5317
vn 0.9779 0.0647 -0.1986
vn -0.9930 0.0764 -0.0904
vn -0.9935 0.1120 -0.0197
vn 0.9895 -0.0991 0.1055
vn -0.9861 -0.1231 0.1120
vn 0.8774 -0.1180 0.4649
vn 0.4472 -0.0591 0.8925
vn 0.3732 0.1977 0.9064
vn -0.1393 -0.2220 0.9650
vn -0.0806 0.0348 0.9961
vn -0.4227 0.2463 0.8721
vn 0.2456 0.7789 0.5770
vn -0.0082 0.9929 0.1185
vn 0.6955 -0.2825 0.6607
vn -0.1226 -0.8340 0.5379
vn 0.9882 -0.1104 -0.1061
vn 0.9653 0.1333 0.2245
vn -0.9743 0.1915 0.1186
vn -0.0519 -0.9399 0.3374
vn 0.9594 -0.2388 0.1504
vn -0.2000 -0.9746 0.1010
vn -0.6080 -0.2175 0.7636
vn 0.1109 -0.2442 0.9634
vn 0.1472 0.0995 0.9841
vn -0.3683 0.2101 0.9057
vn 0.4593 0.2515 0.8519
vn -0.3604 0.8250 0.4353
vn -0.6052 0.4410 0.6628
vn 0.1183 0.6124 0.7816
vn -0.2828 0.7051 0.6502
vn 0.2802 0.7578 0.5893
vn -0.4870 0.3823 0.7853
vn 0.1045 -0.8545 0.5088
vn 0.2800 -0.5596 0.7800
vn -0.9062 -0.3868 0.1708
vn 0.7447 -0.6468 0.1646
vn -0.0418 -0.9415 0.3345
vn 0.2729 -0.9501 0.1509
vn -0.7386 0.3450 0.5792
vn 0.3267 0.3236 0.8880
vn -0.3148 0.3196 0.8937
vn 0.4919 0.2628 0.8300
vn 0.4034 0.8144 0.4171
vn 0.6570 0.4504 0.6046
vn -0.7795 0.0310 0.6256
vn -0.7190 -0.2658 0.6422
vn -0.2660 -0.7959 0.5439
vn 0.6681 -0.3628 0.6496
vn -0.4465 -0.8282 0.3387
vn -0.8635 -0.2942 0.4097
vn 0.9968 0.0092 0.0794
vn 0.9977 -0.0665 0.0097
vn 0.3229 -0.8865 0.3314
vn -0.1256 -0.3019 0.9450
vn -0.2842 0.2256 0.9318
vn 0.0787 0.5696 0.8181
vn 0.2019 0.8563 0.4754
vn 0.4946 0.5951 0.6334
vn 0.1187 0.4761 0.8713
vn 0.1817 0.5653 0.8046
vn 0.7143 0.0758 0.6957
vn -0.1159 -0.7433 0.6589
vn -0.3396 -0.5210 0.7831
vn -0.9898 0.0549 -0.1314
vn 0.9943 0.1063 0.0013
vn -0.9911 -0.0488 0.1237
vn 0.9102 -0.1090 0.3995
vn 0.9432 -0.3257 0.0655
vn -0.8986 -0.4380 0.0253
vn -0.7086 -0.6807 0.1858
vn -0.7104 -0.0905 0.6979
vn 0.2285 0.2700 0.9354
vn 0.5766 0.4516 0.6809
vn -0.2570 0.2381 0.9366
vn 0.2459 0.4596 0.8534
vn -0.1086 0.7302 0.6746
vn -0.2570 0.4998 0.8271
vn 0.3744 0.5758 0.7268
vn -0.3816 -0.7978 0.4667
vn 0.8392 -0.0657 0.5399
vn 0.9464 0.0069 0.3228
vn 0.9659 -0.2555 0.0431
vn 0.0027 -0.7923 0.6102
vn -0.4148 0.6618 0.6244
vn 0.6322 -0.2192 0.7432
vn -0.0700 0.4729 0.8784
vn -0.4476 0.5183 0.7287
vn 0.0546 0.9654 0.2549
vn -0.0951 0.8727 0.4789
vn 0.2638 0.4687 0.8430
vn -0.1899 0.4543 0.8704
vn 0.2928 -0.9337 0.2061
vn -0.5058 -0.2783 0.8165
vn -0.8876 -0.2820 0.3641
vn 0.8985 -0.1985 0.3915
vn -0.9043 -0.1152 0.4110
vn 0.9021 -0.0739 0.4250
vn -0.9812 -0.0433 0.1880
vn 0.6452 0.4713 0.6013
vn -0.0800 0.4411 0.8939
vn -0.1123 0.4293 0.8961
vn 0.3731 0.3512 0.8588
vn 0.3089 0.0856 0.9472
vn -0.3200 0.1347 0.9378
vn -0.5762 0.0706 0.8143
vn -0.7468 -0.6373 0.1903
vn -0.9583 -0.2817 0.0486
vn 0.8161 -0.5030 0.2845
vn -0.6817 -0.5728 0.4551
vn -0.3270 -0.7748 0.5411
vn 0.1498 0.7317 0.6650
vn 0.7758 0.1000 0.6231
vn -0.1710 0.1108 0.9790
vn 0.2314 -0.2920 0.9280
vn -0.2159 -0.2435 0.9456
vn 0.3613 0.2593 0.8957
vn 0.2304 0.7445 0.6266
vn 0.0745 0.3584 0.9306
vn 0.0834 0.3755 0.9231
vn -0.0176 0.3052 0.9521
vn 0.2802 -0.8130 0.5104
vn 0.8754 -0.0445 0.4813
vn 0.8748 -0.3859 0.2928
vn -0.9907 -0.0565 -0.1237
vn -0.9578 0.1237 0.2594
vn 0.9794 -0.0430 0.1975
vn -0.9045 -0.1852 0.3841
vn -0.9165 -0.3782 0.1302
vn -0.1136 -0.9534 0.2796
vn -0.1419 0.9126 0.3835
vn -0.3027 -0.0152 0.9530
vn 0.5338 -0.1000 0.8397
vn -0.1822 -0.8091 0.5587
vn 0.7349 -0.6673 0.1215
vn -0.2753 -0.9518 0.1355
vn 0.2656 -0.7588 0.5947
vn -0.1022 -0.6770 0.7288
vn 0.9007 -0.0253 0.4337
vn -0.8224 -0.4734 0.3154
vn -0.9494 -0.0038 0.3139
vn -0.9823 0.1224 0.1420
vn -0.9764 0.1140 0.1832
vn 0.9902 -0.0576 0.1271
vn -0.9914 0.0144 0.1300
vn 0.9011 0.0786 0.4263
vn -0.9823 -0.0628 0.1764
vn 0.5197 -0.6897 0.5043
vn 0.2512 0.0610 0.9660
vn 0.0259 -0.1647 0.9860
vn 0.2247 0.9174 0.3284
vn -0.3368 0.9338 0.1204
vn -0.2501 0.7116 0.6566
vn 0.5052 0.6645 0.5506
vn 0.5781 0.6504 0.4928
vn 0.0450 0.2075 0.9772
vn 0.0329 0.1978 0.9797
vn 0.0023 0.2402 0.9707
vn -0.0469 0.2527 0.9664
vn 0.1343 -0.0066 0.9909
vn 0.2270 -0.0230 0.9736
vn 0.0433 -0.3480 0.9365
vn -0.1296 -0.0177 0.9914
vn -0.0720 -0.1425 0.9872
vn 0.5757 -0.8024 0.1571
vn -0.8707 -0.1778 0.4585
vn -0.9193 -0.3279 0.2176
vn 0.8734 -0.0785 0.4807
vn 0.8846 -0.0538 0.4633
vn -0.9357 -0.0862 0.3421
vn 0.1910 -0.9694 0.1541
vn -0.1171 0.8987 0.4226
vn -0.2271 0.8638 0.4497
vn -0.4938 0.6045 0.6251
vn -0.0683 0.2593 0.9634
vn -0.1461 0.1465 0.9784
vn -0.0467 -0.3782 0.9245
vn 0.7845 -0.6184 0.0475
vn 0.8566 -0.2355 0.4591
vn 0.8276 -0.3841 0.4092
vn 0.9743 0.1181 0.1919
vn 0.9397 0.1789 0.2915
vn 0.9123 -0.0883 0.3999
vn -0.8912 -0.0612 0.4495
vn 0.5286 -0.8414 0.1118
vn 0.2708 0.7637 0.5861
vn -0.4606 0.6652 0.5877
vn 0.2679 -0.3567 0.8950
vn 0.8861 -0.0982 0.4530
vn -0.8228 -0.3191 0.4703
vn 0.9593 0.1138 0.2585
vn 0.9693 0.0647 0.2374
vn 0.8955 0.0946 0.4348
vn 0.3778 -0.6453 0.6640
vn 0.8408 -0.3226 0.4347
vn 0.8745 -0.4557 0.1663
vn 0.1867 -0.7789 0.5987
vn -0.2264 -0.9485 0.2215
vn -0.2978 0.4970 0.8150
vn 0.4117 0.6680 0.6200
vn 0.1461 0.8788 0.4542
vn -0.2138 0.7501 0.6258
vn -0.4965 0.5970 0.6301
vn -0.5560 0.6337 0.5378
vn 0.1156 0.1757 0.9776
vn 0.6068 0.0317 0.7942
vn 0.6751 -0.2356 0.6991
vn -0.8825 -0.0690 0.4652
vn 0.9143 -0.3330 0.2304
vn 0.9699 0.1347 0.2030
vn -0.9892 -0.0466 0.1389
vn -0.9311 0.1566 0.3296
vn -0.9704 0.1289 0.2045
vn -0.7548 -0.2214 0.6175
vn -0.8451 -0.2893 0.4497
vn -0.5333 -0.6850 0.4963
vn -0.5366 0.4807 0.6936
vn -0.8886 -0.0260 0.4580
vn 0.7789 -0.1397 0.6115
vn 0.3705 0.6496 0.6639
vn -0.6163 0.2872 0.7333
vn -0.8787 -0.0419 0.4755
vn -0.8445 -0.1002 0.5261
vn 0.9280 0.1082 0.3564
vn 0.8442 0.1431 0.5165
vn 0.9604 -0.1005 0.2599
vn 0.9274 -0.0648 0.3684
vn 0.7261 -0.2798 0.6281
vn -0.8891 -0.0352 0.4565
vn 0.1365 -0.8880 0.4391
vn 0.0226 0.6668 0.7449
vn -0.0242 0.6795 0.7333
vn 0.5034 0.5654 0.6534
vn 0.5132 0.4833 0.7093
vn -0.5718 -0.0391 0.8195
vn -0.9481 -0.0047 0.3178
vn 0.8510 -0.1302 0.5088
vn 0.9826 -0.1552 0.1017
vn -0.9869 -0.1007 0.1262
vn -0.9560 -0.2252 0.1882
vn -0.8581 0.0832 0.5067
vn 0.6722 -0.0869 0.7352
vn -0.6696 -0.0668 0.7397
vn -0.6990 0.0083 0.7151
vn -0.0313 -0.8861 0.4624
vn -0.6519 -0.3954 0.6471
vn 0.5998 -0.5608 0.5708
vn -0.1273 -0.7679 0.6278
vn -0.0269 0.5183 0.8548
vn -0.3154 0.6161 0.7218
vn -0.3670 0.5664 0.7379
vn 0.5451 0.3059 0.7806
vn -0.6150 -0.7751 0.1445
vn -0.9664 0.1206 0.2270
vn 0.8497 0.0045 0.5272
vn 0.3827 -0.5221 0.7622
vn 0.1745 0.5807 0.7952
vn 0.5531 0.5977 0.5804
vn 0.9469 0.0734 0.3131
vn 0.7093 -0.0500 0.7031
vn 0.3989 0.5776 0.7122
vn -0.5289 0.5735 0.6257
vn -0.4163 -0.4250 0.8038
vn -0.6795 -0.4645 0.5679
vn -0.9612 -0.0263 0.2745
vn 0.8248 -0.0030 0.5654
vn 0.0202 -0.9644 0.2638
vn 0.2302 -0.6188 0.7511
vn 0.6513 -0.0337 0.7581
vn -0.7095 -0.1182 0.6947
vn -0.8501 -0.1591 0.5020
vn 0.2756 -0.7684 0.5776
vn -0.3242 -0.5631 0.7601
vn 0.0333 0.4297 0.9024
vn 0.8064 -0.1239 0.5783
vn -0.7989 -0.1242 0.5885
vn -0.8042 0.0476 0.5925
vn -0.9024 0.1841 0.3895
vn 0.4565 -0.0549 0.8880
vn -0.3727 -0.3501 0.8594
vn 0.7753 -0.1017 0.6233
vn 0.5582 -0.3679 0.7437
vn -0.6196 -0.0446 0.7836
vn 0.2267 0.4701 0.8530
vn -0.1637 0.4033 0.9003
vn 0.0865 0.5087 0.8566
vn 0.6971 -0.3312 0.6359
vn -0.6953 -0.6859 0.2148
vn 0.7464 -0.2126 0.6306
vn 0.9810 0.0639 0.1832
vn 0.7298 0.0005 0.6837
vn -0.7603 0.0154 0.6493
vn 0.3124 -0.0835 0.9463
vn 0.3189 0.0900 0.9435
vn 0.6404 0.0625 0.7655
vn -0.3705 0.0007 0.9288
vn 0.5946 -0.0003 0.8040
vn 0.0908 -0.5262 0.8455
vn -0.4412 -0.3440 0.8289
vn -0.0777 -0.7696 0.6338
vn -0.1486 0.4491 0.8810
vn 0.2038 0.4725 0.8574
vn 0.6848 -0.7056 0.1820
vn -0.7465 -0.1806 0.6404
vn 0.7579 -0.1481 0.6353
vn -0.9183 -0.1403 0.3702
vn 0.3377 -0.1775 0.9244
vn -0.4571 -0.0612 0.8873
vn -0.8500 -0.0059 0.5267
vn 0.5134 -0.1643 0.8423
vn 0.4534 -0.1692 0.8751
vn -0.3775 -0.0333 0.9254
vn -0.0241 -0.5153 0.8567
vn -0.8074 -0.4141 0.4201
vn 0.6556 -0.7057 0.2688
vn -0.8081 -0.5525 0.2042
vn 0.7982 -0.5145 0.3133
vn 0.8074 0.1653 0.5663
vn 0.8289 -0.1066 0.5492
vn 0.9617 -0.0616 0.2671
vn -0.2804 -0.0668 0.9576
vn -0.3920 0.0577 0.9182
vn 0.2158 -0.4349 0.8742
vn -0.5380 -0.7016 0.4672
vn -0.6136 0.0272 0.7891
vn -0.5002 -0.2138 0.8391
vn 0.3569 -0.3001 0.8846
vn 0.3380 -0.5090 0.7916
vn 0.2471 0.4446 0.8610
vn -0.3602 0.4565 0.8135
vn 0.6418 -0.1236 0.7569
vn -0.6177 0.1154 0.7779
vn -0.8395 0.1905 0.5089
vn -0.8827 0.0953 0.4602
vn -0.9682 -0.0414 0.2467
vn -0.8584 0.0813 0.5065
vn 0.8707 -0.0971 0.4822
vn -0.4510 -0.1756 0.8751
vn -0.3048 -0.1574 0.9393
vn 0.4108 -0.3652 0.8354
vn 0.3828 0.0047 0.9238
vn -0.3534 0.0539 0.9339
vn -0.1824 0.4789 0.8587
vn -0.5309 0.4133 0.7398
vn 0.5804 0.2951 0.7590
vn 0.8048 -0.2014 0.5583
vn 0.7690 0.1437 0.6229
vn -0.0535 -0.2823 0.9578
vn -0.0215 -0.1782 0.9838
vn -0.1798 -0.3401 0.9230
vn 0.2292 -0.0587 0.9716
vn 0.3422 -0.8533 0.3935
vn 0.3771 0.0968 0.9211
vn 0.3470 0.0091 0.9378
vn 0.0833 -0.1894 0.9784
vn -0.4505 -0.3549 0.8192
vn 0.0469 -0.2151 0.9755
vn 0.1384 -0.3427 0.9292
vn -0.1691 -0.3986 0.9014
vn 0.1158 0.3807 0.9174
vn -0.1229 0.4036 0.9066
vn 0.4485 0.4686 0.7611
vn -0.6838 -0.2025 0.7010
vn 0.7060 -0.5731 0.4161
vn -0.7455 -0.5539 0.3707
vn 0.5902 0.1056 0.8004
vn -0.7984 0.1767 0.5757
vn -0.6247 -0.3934 0.6746
vn -0.4142 -0.0923 0.9055
vn 0.2846 -0.1402 0.9483
vn 0.2499 -0.0636 0.9662
vn -0.0459 -0.1922 0.9803
vn -0.2841 0.1438 0.9480
vn -0.2233 -0.0748 0.9719
vn 0.2837 -0.8647 0.4145
vn -0.0697 -0.9720 0.2244
vn 0.6492 0.0192 0.7604
vn -0.1938 -0.2169 0.9568
vn -0.0820 -0.1693 0.9821
vn 0.0507 0.4141 0.9088
vn 0.8148 -0.3394 0.4700
vn -0.7040 -0.4908 0.5133
vn 0.8707 0.1200 0.4770
vn 0.8894 -0.3667 0.2730
vn -0.8560 -0.2739 0.4384
vn 0.5906 -0.3061 0.7467
vn 0.5023 -0.0720 0.8617
vn 0.1761 -0.2047 0.9628
vn -0.1715 -0.2140 0.9617
vn -0.2542 -0.1125 0.9606
vn -0.2118 -0.0940 0.9728
vn 0.3263 -0.1664 0.9305
vn -0.0161 -0.0181 0.9997
vn 0.2222 0.1528 0.9629
vn 0.0452 -0.0525 0.9976
vn -0.0301 0.1372 0.9901
vn 0.5665 -0.3541 0.7441
vn 0.1485 0.0219 0.9887
vn -0.1801 0.0184 0.9835
vn -0.3214 -0.8261 0.4629
vn -0.1264 0.4787 0.8688
vn -0.7461 -0.0620 0.6630
vn -0.6138 0.1365 0.7776
vn -0.3389 -0.2987 0.8921
vn 0.3032 -0.1897 0.9339
vn -0.5085 -0.3782 0.7736
vn 0.2463 -0.1278 0.9607
vn -0.2487 -0.5379 0.8055
vn -0.4551 -0.1773 0.8726
vn 0.1232 0.1825 0.9755
vn -0.0472 0.1232 0.9913
vn 0.3007 0.0218 0.9535
vn -0.3111 0.0159 0.9503
vn 0.3284 -0.1107 0.9380
vn -0.3128 0.0825 0.9462
vn -0.2284 -0.0554 0.9720
vn -0.4407 -0.1373 0.8871
vn 0.6471 0.0307 0.7618
vn 0.8484 -0.0815 0.5230
vn 0.5443 0.1165 0.8308
vn 0.7282 -0.3988 0.5574
vn -0.6423 -0.3665 0.6732
vn -0.2402 -0.3747 0.8955
vn -0.6559 -0.4758 0.5860
vn -0.0003 -0.0416 0.9991
vn 0.2367 0.0506 0.9703
vn -0.2323 0.1625 0.9590
vn 0.0532 -0.1009 0.9935
vn -0.0047 0.4910 0.8711
vn 0.0470 0.4320 0.9007
vn -0.2491 0.4601 0.8522
vn -0.7780 -0.3528 0.5198
vn -0.6096 -0.6885 0.3929
vn 0.6447 -0.4637 0.6077
vn 0.4519 -0.3569 0.8176
vn 0.1975 -0.3312 0.9226
vn 0.2699 -0.4611 0.8453
vn 0.5206 -0.1878 0.8329
vn 0.7537 -0.4090 0.5144
vn 0.6143 -0.5804 0.5345
vn -0.9141 -0.0678 0.3998
vn 0.6283 -0.0370 0.7771
vn 0.5927 0.2087 0.7779
vn -0.6757 0.0283 0.7366
vn 0.6084 -0.4685 0.6406
vn -0.2321 -0.0621 0.9707
vn -0.1275 0.4894 0.8627
vn 0.5631 0.2870 0.7749
vn -0.7159 -0.2256 0.6607
vn -0.6409 -0.0246 0.7672
vn 0.6505 -0.0428 0.7583
vn -0.6542 -0.3609 0.6646
vn -0.2313 0.1590 0.9598
vn -0.6605 0.2012 0.7233
vn -0.7816 0.1460 0.6064
vn -0.8431 0.1131 0.5258
vn -0.6323 -0.0425 0.7736
vn -0.5247 0.1200 0.8428
vn 0.6767 -0.3906 0.6241
vn 0.2726 0.1004 0.9569
vn -0.4534 0.3689 0.8114
vn -0.6292 0.1473 0.7632
vn -0.6606 -0.4055 0.6318
vn 0.8370 0.1489 0.5266
vn 0.6257 -0.0447 0.7788
vn -0.4284 0.2181 0.8769
vn 0.0621 -0.1832 0.9811
vn 0.0713 0.0202 0.9972
vn -0.4211 -0.1358 0.8968
vn -0.1783 0.5004 0.8472
vn 0.1622 0.4679 0.8688
vn 0.0947 0.4600 0.8828
vn 0.7505 0.0518 0.6589
vn 0.7401 0.1182 0.6621
vn -0.7945 -0.1047 0.5982
vn 0.5591 -0.3790 0.7374
vn 0.3430 0.1613 0.9254
vn 0.4614 -0.2072 0.8627
vn 0.6014 -0.1777 0.7790
vn -0.5229 -0.2269 0.8217
vn -0.6822 -0.4429 0.5818
vn 0.0914 -0.4766 0.8743
vn 0.1753 0.4504 0.8754
vn -0.1513 0.3502 0.9244
vn 0.7784 0.2296 0.5843
vn 0.5188 -0.4192 0.7451
vn -0.5704 -0.3549 0.7407
vn 0.5084 0.0805 0.8573
vn 0.4244 0.0154 0.9053
vn -0.3675 -0.0409 0.9291
vn 0.4895 -0.7051 0.5131
vn -0.7474 0.2255 0.6249
vn -0.4734 -0.4611 0.7505
vn -0.6855 -0.0033 0.7281
vn -0.4678 0.0568 0.8820
vn -0.6463 -0.3892 0.6564
vn -0.3913 -0.5972 0.7002
vn -0.0513 -0.5276 0.8479
vn 0.0554 0.4726 0.8795
vn -0.0955 0.4663 0.8795
vn -0.5982 -0.3860 0.7023
vn 0.6846 0.0049 0.7289
vn 0.4892 0.0664 0.8696
vn 0.6438 -0.4125 0.6445
vn 0.4174 -0.5890 0.6920
vn 0.1490 0.4642 0.8731
vn 0.3287 0.4427 0.8342
vn 0.6639 -0.0729 0.7443
vn -0.6570 0.0055 0.7538
vn 0.6469 0.2752 0.7112
vn 0.7583 0.1809 0.6263
vn -0.5375 -0.1409 0.8314
vn -0.4837 0.0195 0.8750
vn 0.2636 0.3531 0.8977
vn -0.2110 0.4447 0.8704
vn 0.5622 -0.1415 0.8148
vn 0.1531 0.3524 0.9232
vn -0.4172 0.3328 0.8457
vn -0.5554 -0.1460 0.8187
vn -0.3506 -0.4676 0.8114
vn -0.5409 -0.1726 0.8232
vn 0.6193 -0.2526 0.7434
vn -0.4036 -0.4562 0.7931
vn 0.0520 -0.5401 0.8400
vn 0.4458 -0.4713 0.7610
vn -0.3627 -0.6141 0.7009
vn -0.3302 -0.0494 0.9426
vn 0.6902 -0.0824 0.7189
vn -0.1019 -0.5630 0.8201
vn -0.0020 0.4123 0.9111
vn -0.1876 0.4168 0.8894
vn 0.5022 0.2731 0.8205
vn -0.2581 0.1064 0.9602
vn -0.0538 0.2602 0.9640
vn 0.1368 0.1370 0.9811
vn 0.4735 -0.1331 0.8707
vn -0.6706 0.2263 0.7065
vn 0.5633 -0.0611 0.8240
vn 0.5254 -0.3459 0.7773
vn -0.6886 -0.0939 0.7190
vn 0.5425 -0.0192 0.8398
vn 0.5663 0.0141 0.8241
vn 0.1734 -0.5557 0.8131
vn -0.1430 -0.4662 0.8730
vn 0.2398 0.4017 0.8838
vn -0.2275 0.2393 0.9439
vn -0.2670 0.1505 0.9519
vn 0.1385 0.1470 0.9794
vn 0.5370 -0.0452 0.8423
vn -0.1976 0.0175 0.9801
vn -0.5601 -0.2681 0.7838
vn -0.2088 0.2419 0.9476
vn -0.6277 -0.1119 0.7704
vn -0.5290 -0.2581 0.8084
vn -0.0229 -0.4208 0.9068
vn 0.1003 0.1853 0.9776
vn 0.2555 0.0701 0.9643
vn 0.3309 -0.1095 0.9373
vn -0.0898 -0.2233 0.9706
vn -0.1983 0.1172 0.9731
vn -0.0184 -0.1273 0.9917
vn 0.5364 0.2944 0.7910
vn -0.5999 0.2281 0.7669
vn 0.5977 -0.2367 0.7660
vn -0.5274 -0.1244 0.8405
vn 0.4212 -0.2086 0.8826
vn -0.0001 -0.2716 0.9624
vn 0.1742 0.0587 0.9830
vn -0.0779 -0.3688 0.9262
vn -0.0308 -0.0199 0.9993
vn -0.5259 0.1022 0.8444
vn 0.4153 -0.1903 0.8896
vn 0.4553 -0.4130 0.7888
vn -0.0041 -0.5306 0.8476
vn 0.0117 0.3781 0.9257
vn -0.1425 0.3191 0.9369
vn -0.0515 0.1935 0.9797
vn 0.1129 -0.2717 0.9557
vn -0.2891 -0.0924 0.9528
vn -0.3620 -0.3199 0.8756
vn -0.0827 -0.0788 0.9935
vn 0.1881 -0.0042 0.9821
vn 0.0960 0.3336 0.9378
vn 0.4347 -0.1626 0.8858
vn 0.0557 -0.0740 0.9957
vn 0.3676 0.1429 0.9189
vn -0.2762 0.1107 0.9547
vn 0.1912 -0.3553 0.9150
vn 0.1269 0.2070 0.9701
vn -0.0200 -0.0177 0.9996
vn 0.0426 -0.0943 0.9946
vn -0.0124 0.3459 0.9382
vn -0.1935 0.3280 0.9246
vn 0.3283 -0.1129 0.9378
vn -0.3836 -0.1806 0.9057
vn 0.1137 0.2191 0.9690
vn 0.2955 0.3289 0.8969
vn -0.0379 0.2639 0.9638
vn -0.4353 0.2276 0.8710
vn 0.4654 -0.1365 0.8745
vn -0.3147 -0.0345 0.9486
vn -0.5876 -0.0206 0.8089
vn -0.0007 0.0035 1.0000
vn -0.2790 -0.0460 0.9592
vn 0.0045 0.3481 0.9375
vn 0.4116 -0.0092 0.9113
vn -0.5121 -0.0125 0.8588
vn -0.3086 -0.0581 0.9494
vn 0.0244 -0.4635 0.8858
vn 0.3070 0.1372 0.9418
vn -0.1086 0.1050 0.9885
vn -0.1316 0.2030 0.9703
vn -0.1102 0.1929 0.9750
vn 0.0643 -0.0292 0.9975
vn -0.1075 -0.0480 0.9930
vn -0.0447 -0.0747 0.9962
vn -0.1254 -0.1253 0.9842
vn 0.0404 0.2443 0.9689
vn 0.0256 0.2182 0.9756
vn 0.2023 -0.0710 0.9767
vn -0.0543 -0.1668 0.9845
vn -0.2507 -0.2996 0.9206
vn 0.0918 0.2508 0.9637
vn -0.1098 0.1927 0.9751
vn -0.1448 0.1928 0.9705
vn 0.1027 0.1949 0.9754
vn 0.1685 0.1880 0.9676
vn 0.2784 -0.1046 0.9548
vn -0.4028 -0.0879 0.9111
vn -0.3634 -0.1715 0.9157
vn -0.2603 -0.1326 0.9564
vn -0.0012 -0.0363 0.9993
vn 0.0609 -0.1253 0.9902
vn 0.2151 -0.1157 0.9697
vn -0.0117 -0.2201 0.9754
vn -0.0590 0.0387 0.9975
vn 0.0258 -0.2155 0.9762
vn -0.0064 -0.1870 0.9823
vn 0.1323 0.2098 0.9687
vn -0.1537 0.2098 0.9656
vn -0.0489 0.0829 0.9954
vn 0.1173 -0.0620 0.9912
vn 0.1787 -0.0783 0.9808
vn -0.0480 -0.0540 0.9974
vn -0.0097 0.1374 0.9905
vn 0.0254 -0.0014 0.9997
vn 0.1109 0.1160 0.9870
vn -0.0256 0.1179 0.9927
vn 0.1492 0.0695 0.9864
vn -0.2422 0.0336 0.9697
vn -0.0402 -0.1216 0.9918
vn -0.0594 -0.0541 0.9968
f 7//7 6//6 4//4
f 4//4 6//6 8//8
f 1//1 18//18 3//3
f 1//1 3//3 5//5
f 4//4 8//8 13//13
f 8//8 9//9 13//13
f 5//5 3//3 12//12
f 6//6 7//7 14//14
f 1//1 2//2 15//15
f 1//1 15//15 23//23
f 17//17 7//7 4//4
f 17//17 4//4 10//10
f 18//18 1//1 23//23
f 5//5 2//2 1//1
f 19//19 5//5 27//27
f 8//8 25//25 26//26
f 13//13 10//10 4//4
f 8//8 26//26 9//9
f 3//3 18//18 20//20
f 5//5 12//12 27//27
f 26//26 11//11 9//9
f 18//18 32//32 20//20
f 27//27 12//12 21//21
f 7//7 39//39 14//14
f 8//8 6//6 16//16
f 8//8 16//16 25//25
f 2//2 5//5 24//24
f 24//24 5//5 19//19
f 10//10 13//13 33//33
f 15//15 2//2 22//22
f 62//62 22//22 2//2
f 17//17 31//31 7//7
f 6//6 14//14 16//16
f 2//2 24//24 62//62
f 20//20 32//32 45//45
f 9//9 34//34 13//13
f 33//33 13//13 57//57
f 12//12 37//37 21//21
f 34//34 9//9 28//28
f 13//13 34//34 35//35
f 50//50 12//12 3//3
f 9//9 11//11 28//28
f 14//14 39//39 29//29
f 15//15 22//22 38//38
f 39//39 7//7 31//31
f 30//30 23//23 15//15
f 14//14 61//61 16//16
f 16//16 40//40 25//25
f 42//42 70//70 17//17
f 17//17 10//10 42//42
f 18//18 23//23 32//32
f 26//26 25//25 74//74
f 11//11 26//26 49//49
f 27//27 21//21 46//46
f 46//46 21//21 79//79
f 33//33 57//57 36//36
f 28//28 75//75 34//34
f 55//55 37//37 12//12
f 21//21 37//37 56//56
f 35//35 57//57 13//13
f 38//38 30//30 15//15
f 62//62 60//60 22//22
f 14//14 29//29 69//69
f 31//31 47//47 39//39
f 69//69 61//61 14//14
f 61//61 40//40 16//16
f 53//53 74//74 25//25
f 32//32 23//23 63//63
f 54//54 41//41 19//19
f 19//19 27//27 54//54
f 10//10 33//33 44//44
f 27//27 46//46 54//54
f 45//45 32//32 43//43
f 45//45 43//43 44//44
f 33//33 36//36 44//44
f 21//21 56//56 79//79
f 34//34 75//75 35//35
f 45//45 58//58 20//20
f 50//50 55//55 12//12
f 20//20 58//58 3//3
f 3//3 58//58 50//50
f 59//59 38//38 22//22
f 24//24 19//19 48//48
f 25//25 40//40 53//53
f 19//19 41//41 48//48
f 63//63 43//43 32//32
f 42//42 44//44 43//43
f 42//42 10//10 44//44
f 26//26 74//74 49//49
f 45//45 44//44 36//36
f 35//35 75//75 66//66
f 45//45 36//36 58//58
f 58//58 51//51 50//50
f 29//29 39//39 52//52
f 39//39 47//47 52//52
f 52//52 69//69 29//29
f 31//31 90//90 47//47
f 23//23 30//30 63//63
f 31//31 17//17 70//70
f 64//64 48//48 41//41
f 53//53 71//71 84//84
f 64//64 41//41 73//73
f 63//63 42//42 43//43
f 11//11 49//49 87//87
f 11//11 87//87 28//28
f 56//56 37//37 77//77
f 36//36 57//57 58//58
f 22//22 60//60 59//59
f 78//78 90//90 31//31
f 78//78 31//31 70//70
f 48//48 107//107 62//62
f 48//48 62//62 24//24
f 71//71 53//53 40//40
f 71//71 40//40 61//61
f 73//73 41//41 54//54
f 53//53 84//84 74//74
f 54//54 46//46 98//98
f 74//74 85//85 49//49
f 79//79 65//65 46//46
f 55//55 50//50 67//67
f 57//57 35//35 88//88
f 38//38 59//59 68//68
f 30//30 38//38 91//91
f 61//61 69//69 92//92
f 92//92 93//93 61//61
f 103//103 42//42 63//63
f 71//71 61//61 93//93
f 73//73 54//54 98//98
f 56//56 101//101 79//79
f 87//87 76//76 28//28
f 28//28 76//76 117//117
f 57//57 88//88 58//58
f 47//47 89//89 52//52
f 59//59 60//60 82//82
f 107//107 140//140 62//62
f 91//91 63//63 30//30
f 91//91 103//103 63//63
f 48//48 64//64 94//94
f 70//70 42//42 103//103
f 156//156 94//94 64//64
f 71//71 116//116 84//84
f 84//84 72//72 85//85
f 84//84 85//85 74//74
f 98//98 46//46 65//65
f 87//87 49//49 86//86
f 37//37 55//55 100//100
f 80//80 75//75 28//28
f 99//99 76//76 87//87
f 117//117 80//80 28//28
f 101//101 56//56 77//77
f 35//35 66//66 88//88
f 77//77 37//37 111//111
f 51//51 58//58 118//118
f 52//52 89//89 113//113
f 59//59 82//82 68//68
f 124//124 38//38 68//68
f 69//69 52//52 81//81
f 83//83 82//82 60//60
f 124//124 91//91 38//38
f 81//81 92//92 69//69
f 140//140 60//60 62//62
f 93//93 92//92 106//106
f 156//156 64//64 95//95
f 64//64 73//73 95//95
f 72//72 96//96 85//85
f 73//73 98//98 108//108
f 66//66 75//75 80//80
f 102//102 67//67 50//50
f 51//51 102//102 50//50
f 58//58 88//88 118//118
f 47//47 90//90 89//89
f 91//91 124//124 114//114
f 140//140 83//83 60//60
f 103//103 78//78 70//70
f 94//94 107//107 48//48
f 93//93 116//116 71//71
f 84//84 205//205 72//72
f 108//108 95//95 73//73
f 108//108 98//98 97//97
f 49//49 158//158 86//86
f 65//65 79//79 109//109
f 86//86 99//99 87//87
f 55//55 67//67 100//100
f 100//100 111//111 37//37
f 100//100 67//67 110//110
f 88//88 66//66 112//112
f 80//80 112//112 66//66
f 52//52 113//113 137//137
f 81//81 52//52 137//137
f 81//81 137//137 125//125
f 82//82 83//83 189//189
f 114//114 103//103 91//91
f 104//104 90//90 78//78
f 115//115 104//104 103//103
f 103//103 104//104 78//78
f 107//107 105//105 140//140
f 84//84 116//116 205//205
f 85//85 158//158 49//49
f 77//77 111//111 127//127
f 127//127 101//101 77//77
f 110//110 111//111 100//100
f 67//67 102//102 110//110
f 89//89 90//90 104//104
f 114//114 115//115 103//103
f 107//107 94//94 155//155
f 72//72 205//205 233//233
f 233//233 157//157 72//72
f 95//95 108//108 217//217
f 97//97 217//217 108//108
f 98//98 65//65 167//167
f 65//65 109//109 167//167
f 101//101 168//168 79//79
f 76//76 126//126 117//117
f 80//80 117//117 112//112
f 117//117 145//145 112//112
f 144//144 88//88 112//112
f 102//102 51//51 128//128
f 88//88 144//144 118//118
f 119//119 129//129 122//122
f 122//122 129//129 120//120
f 131//131 133//133 121//121
f 121//121 133//133 123//123
f 121//121 123//123 149//149
f 122//122 120//120 134//134
f 180//180 124//124 68//68
f 89//89 104//104 138//138
f 139//139 138//138 104//104
f 115//115 139//139 104//104
f 114//114 136//136 115//115
f 106//106 92//92 154//154
f 204//204 155//155 94//94
f 165//165 204//204 94//94
f 94//94 156//156 165//165
f 116//116 93//93 141//141
f 85//85 96//96 158//158
f 97//97 98//98 167//167
f 79//79 168//168 109//109
f 76//76 99//99 126//126
f 127//127 181//181 101//101
f 111//111 110//110 127//127
f 130//130 146//146 121//121
f 132//132 119//119 122//122
f 121//121 146//146 131//131
f 120//120 129//129 162//162
f 162//162 150//150 120//120
f 120//120 150//150 134//134
f 122//122 134//134 151//151
f 123//123 133//133 176//176
f 135//135 137//137 113//113
f 113//113 89//89 135//135
f 180//180 136//136 124//124
f 68//68 82//82 180//180
f 124//124 136//136 114//114
f 189//189 153//153 82//82
f 93//93 106//106 216//216
f 217//217 234//234 95//95
f 142//142 168//168 101//101
f 169//169 126//126 99//99
f 126//126 170//170 117//117
f 110//110 102//102 171//171
f 110//110 171//171 160//160
f 160//160 127//127 110//110
f 51//51 118//118 128//128
f 119//119 172//172 129//129
f 147//147 130//130 121//121
f 147//147 121//121 149//149
f 172//172 148//148 129//129
f 162//162 129//129 148//148
f 133//133 131//131 185//185
f 138//138 135//135 89//89
f 136//136 180//180 178//178
f 115//115 136//136 139//139
f 137//137 163//163 125//125
f 81//81 154//154 92//92
f 107//107 155//155 105//105
f 141//141 93//93 216//216
f 116//116 141//141 164//164
f 72//72 158//158 96//96
f 86//86 190//190 99//99
f 190//190 169//169 99//99
f 101//101 181//181 142//142
f 117//117 170//170 143//143
f 117//117 143//143 145//145
f 144//144 128//128 118//118
f 112//112 145//145 159//159
f 171//171 102//102 128//128
f 183//183 119//119 132//132
f 146//146 161//161 131//131
f 147//147 149//149 174//174
f 131//131 161//161 185//185
f 132//132 122//122 186//186
f 122//122 151//151 186//186
f 149//149 123//123 174//174
f 123//123 213//213 174//174
f 185//185 175//175 133//133
f 162//162 197//197 150//150
f 175//175 176//176 133//133
f 123//123 176//176 152//152
f 137//137 135//135 294//294
f 105//105 83//83 140//140
f 165//165 231//231 204//204
f 156//156 166//166 165//165
f 254//254 156//156 95//95
f 217//217 97//97 167//167
f 72//72 157//157 158//158
f 169//169 170//170 126//126
f 127//127 182//182 181//181
f 182//182 127//127 191//191
f 127//127 160//160 191//191
f 128//128 208//208 171//171
f 172//172 119//119 173//173
f 130//130 147//147 194//194
f 186//186 184//184 132//132
f 162//162 148//148 195//195
f 162//162 195//195 246//246
f 246//246 197//197 162//162
f 151//151 202//202 186//186
f 151//151 134//134 202//202
f 152//152 176//176 177//177
f 135//135 138//138 203//203
f 179//179 138//138 139//139
f 180//180 82//82 188//188
f 139//139 136//136 179//179
f 141//141 216//216 164//164
f 116//116 164//164 205//205
f 254//254 166//166 156//156
f 181//181 300//300 142//142
f 193//193 112//112 159//159
f 193//193 144//144 112//112
f 173//173 119//119 183//183
f 130//130 194//194 221//221
f 173//173 239//239 172//172
f 146//146 130//130 221//221
f 184//184 183//183 132//132
f 223//223 161//161 146//146
f 184//184 186//186 274//274
f 226//226 185//185 161//161
f 152//152 213//213 123//123
f 150//150 187//187 134//134
f 163//163 137//137 294//294
f 83//83 105//105 230//230
f 155//155 251//251 105//105
f 216//216 106//106 264//264
f 165//165 166//166 231//231
f 95//95 234//234 254//254
f 157//157 218//218 158//158
f 144//144 286//286 128//128
f 143//143 192//192 145//145
f 220//220 191//191 160//160
f 220//220 160//160 171//171
f 146//146 221//221 223//223
f 147//147 209//209 259//259
f 209//209 147//147 174//174
f 148//148 172//172 224//224
f 148//148 224//224 195//195
f 186//186 196//196 274//274
f 212//212 197//197 246//246
f 150//150 197//197 187//187
f 177//177 176//176 228//228
f 138//138 247//247 203//203
f 214//214 136//136 178//178
f 178//178 180//180 215//215
f 180//180 188//188 215//215
f 82//82 153//153 188//188
f 155//155 204//204 251//251
f 216//216 198//198 164//164
f 233//233 218//218 157//157
f 86//86 158//158 276//276
f 167//167 109//109 199//199
f 169//169 190//190 206//206
f 181//181 182//182 255//255
f 169//169 207//207 170//170
f 143//143 170//170 235//235
f 286//286 144//144 238//238
f 286//286 256//256 128//128
f 208//208 128//128 200//200
f 192//192 159//159 145//145
f 239//239 224//224 172//172
f 174//174 213//213 227//227
f 186//186 202//202 201//201
f 152//152 323//323 213//213
f 176//176 175//175 228//228
f 247//247 138//138 179//179
f 179//179 136//136 214//214
f 81//81 125//125 250//250
f 154//154 81//81 250//250
f 264//264 106//106 154//154
f 231//231 252//252 204//204
f 166//166 254//254 232//232
f 218//218 276//276 158//158
f 170//170 207//207 235//235
f 238//238 144//144 193//193
f 208//208 303//303 171//171
f 259//259 194//194 147//147
f 184//184 241//241 183//183
f 223//223 244//244 161//161
f 195//195 224//224 210//210
f 186//186 201//201 211//211
f 212//212 260//260 197//197
f 152//152 177//177 323//323
f 197//197 308//308 187//187
f 134//134 187//187 261//261
f 202//202 134//134 261//261
f 178//178 215//215 229//229
f 294//294 135//135 282//282
f 135//135 203//203 282//282
f 125//125 163//163 250//250
f 198//198 216//216 283//283
f 166//166 232//232 231//231
f 164//164 198//198 253//253
f 205//205 164//164 266//266
f 142//142 300//300 219//219
f 190//190 355//355 206//206
f 182//182 191//191 255//255
f 143//143 235//235 236//236
f 192//192 143//143 236//236
f 128//128 256//256 200//200
f 159//159 192//192 237//237
f 193//193 159//159 237//237
f 303//303 220//220 171//171
f 183//183 257//257 173//173
f 173//173 258//258 239//239
f 194//194 259//259 222//222
f 241//241 272//272 183//183
f 225//225 241//241 184//184
f 209//209 174//174 227//227
f 185//185 226//226 211//211
f 261//261 339//339 202//202
f 175//175 306//306 228//228
f 178//178 229//229 214//214
f 83//83 230//230 189//189
f 233//233 205//205 266//266
f 315//315 234//234 217//217
f 199//199 217//217 167//167
f 199//199 315//315 217//217
f 109//109 168//168 199//199
f 169//169 206//206 207//207
f 220//220 301//301 191//191
f 287//287 286//286 238//238
f 208//208 200//200 303//303
f 221//221 194//194 271//271
f 221//221 240//240 223//223
f 240//240 225//225 223//223
f 223//223 225//225 244//244
f 242//242 241//241 225//225
f 224//224 239//239 243//243
f 184//184 273//273 225//225
f 184//184 274//274 273//273
f 161//161 244//244 226//226
f 246//246 195//195 210//210
f 196//196 211//211 245//245
f 226//226 245//245 211//211
f 196//196 186//186 211//211
f 227//227 213//213 320//320
f 323//323 275//275 213//213
f 308//308 197//197 260//260
f 247//247 179//179 248//248
f 179//179 249//249 248//248
f 179//179 214//214 249//249
f 229//229 249//249 214//214
f 247//247 281//281 203//203
f 215//215 188//188 343//343
f 188//188 153//153 312//312
f 153//153 189//189 312//312
f 105//105 251//251 230//230
f 314//314 216//216 264//264
f 204//204 252//252 265//265
f 252//252 231//231 297//297
f 198//198 283//283 284//284
f 266//266 164//164 253//253
f 86//86 276//276 190//190
f 255//255 300//300 181//181
f 236//236 277//277 192//192
f 220//220 303//303 302//302
f 192//192 270//270 237//237
f 304//304 287//287 238//238
f 193//193 237//237 238//238
f 256//256 332//332 200//200
f 258//258 173//173 335//335
f 194//194 222//222 271//271
f 183//183 305//305 257//257
f 183//183 272//272 305//305
f 316//316 240//240 221//221
f 242//242 225//225 240//240
f 239//239 258//258 243//243
f 209//209 227//227 289//289
f 246//246 210//210 383//383
f 320//320 213//213 275//275
f 175//175 185//185 211//211
f 175//175 211//211 201//201
f 201//201 202//202 338//338
f 202//202 339//339 338//338
f 261//261 262//262 339//339
f 177//177 228//228 366//366
f 248//248 291//291 247//247
f 281//281 247//247 291//291
f 203//203 281//281 282//282
f 215//215 311//311 229//229
f 188//188 312//312 343//343
f 263//263 163//163 294//294
f 253//253 198//198 284//284
f 297//297 231//231 232//232
f 254//254 234//234 394//394
f 374//374 218//218 233//233
f 267//267 276//276 218//218
f 168//168 298//298 199//199
f 355//355 190//190 268//268
f 255//255 191//191 269//269
f 191//191 301//301 269//269
f 258//258 335//335 362//362
f 221//221 271//271 278//278
f 242//242 272//272 241//241
f 289//289 259//259 209//209
f 318//318 259//259 289//289
f 210//210 224//224 243//243
f 280//280 274//274 196//196
f 210//210 290//290 383//383
f 320//320 275//275 388//388
f 175//175 201//201 306//306
f 212//212 246//246 383//383
f 201//201 338//338 306//306
f 354//354 275//275 323//323
f 228//228 306//306 307//307
f 308//308 261//261 187//187
f 324//324 249//249 229//229
f 312//312 189//189 502//502
f 154//154 250//250 264//264
f 251//251 313//313 230//230
f 204//204 265//265 251//251
f 253//253 285//285 266//266
f 190//190 276//276 329//329
f 168//168 142//142 298//298
f 236//236 235//235 330//330
f 220//220 302//302 301//301
f 192//192 277//277 270//270
f 237//237 288//288 238//238
f 200//200 332//332 303//303
f 335//335 173//173 257//257
f 221//221 278//278 316//316
f 242//242 240//240 316//316
f 244//244 225//225 273//273
f 243//243 319//319 210//210
f 289//289 227//227 279//279
f 244//244 280//280 226//226
f 245//245 226//226 280//280
f 212//212 383//383 389//389
f 248//248 292//292 309//309
f 248//248 249//249 292//292
f 291//291 248//248 309//309
f 294//294 282//282 293//293
f 263//263 295//295 163//163
f 295//295 250//250 163//163
f 250//250 296//296 264//264
f 314//314 283//283 216//216
f 233//233 266//266 374//374
f 298//298 315//315 199//199
f 329//329 268//268 190//190
f 142//142 219//219 344//344
f 299//299 207//207 206//206
f 235//235 207//207 299//299
f 235//235 299//299 330//330
f 304//304 238//238 288//288
f 257//257 305//305 349//349
f 222//222 259//259 318//318
f 317//317 305//305 272//272
f 272//272 242//242 317//317
f 258//258 362//362 243//243
f 273//273 274//274 280//280
f 196//196 245//245 280//280
f 389//389 260//260 212//212
f 322//322 354//354 323//323
f 292//292 249//249 324//324
f 341//341 281//281 291//291
f 310//310 324//324 229//229
f 229//229 311//311 310//310
f 215//215 343//343 325//325
f 189//189 230//230 502//502
f 313//313 251//251 265//265
f 284//284 283//283 327//327
f 285//285 253//253 284//284
f 234//234 315//315 394//394
f 218//218 374//374 267//267
f 255//255 269//269 436//436
f 236//236 330//330 277//277
f 256//256 286//286 379//379
f 256//256 379//379 332//332
f 304//304 288//288 334//334
f 303//303 332//332 357//357
f 278//278 271//271 336//336
f 244//244 273//273 280//280
f 227//227 320//320 279//279
f 210//210 319//319 418//418
f 307//307 306//306 321//321
f 261//261 308//308 340//340
f 228//228 307//307 366//366
f 323//323 177//177 366//366
f 292//292 369//369 309//309
f 310//310 292//292 324//324
f 309//309 341//341 291//291
f 293//293 282//282 281//281
f 326//326 263//263 294//294
f 266//266 285//285 374//374
f 315//315 470//470 394//394
f 298//298 375//375 315//315
f 329//329 276//276 267//267
f 298//298 142//142 344//344
f 355//355 268//268 452//452
f 300//300 436//436 219//219
f 206//206 355//355 377//377
f 206//206 377//377 299//299
f 255//255 436//436 300//300
f 302//302 331//331 301//301
f 279//279 320//320 353//353
f 306//306 338//338 337//337
f 367//367 368//368 309//309
f 341//341 309//309 368//368
f 215//215 325//325 311//311
f 326//326 294//294 293//293
f 343//343 312//312 371//371
f 314//314 373//373 283//283
f 327//327 283//283 373//373
f 232//232 254//254 493//493
f 329//329 411//411 268//268
f 302//302 412//412 331//331
f 302//302 333//333 412//412
f 270//270 277//277 345//345
f 270//270 439//439 237//237
f 302//302 303//303 333//333
f 303//303 357//357 380//380
f 303//303 380//380 333//333
f 288//288 237//237 334//334
f 257//257 349//349 335//335
f 351//351 316//316 278//278
f 350//350 349//349 305//305
f 305//305 317//317 350//350
f 210//210 418//418 290//290
f 308//308 260//260 406//406
f 308//308 406//406 340//340
f 309//309 369//369 367//367
f 310//310 369//369 292//292
f 281//281 341//341 342//342
f 391//391 371//371 312//312
f 296//296 314//314 264//264
f 252//252 297//297 328//328
f 284//284 327//327 469//469
f 297//297 232//232 434//434
f 329//329 267//267 411//411
f 344//344 219//219 384//384
f 269//269 301//301 331//331
f 379//379 286//286 287//287
f 332//332 379//379 396//396
f 270//270 345//345 439//439
f 357//357 332//332 385//385
f 348//348 351//351 352//352
f 360//360 347//347 350//350
f 346//346 349//349 350//350
f 347//347 346//346 350//350
f 352//352 351//351 336//336
f 222//222 416//416 271//271
f 351//351 278//278 336//336
f 317//317 363//363 350//350
f 317//317 242//242 363//363
f 316//316 351//351 363//363
f 242//242 316//316 363//363
f 318//318 289//289 364//364
f 383//383 290//290 404//404
f 389//389 383//383 419//419
f 339//339 262//262 508//508
f 307//307 321//321 365//365
f 406//406 260//260 389//389
f 340//340 262//262 261//261
f 323//323 366//366 322//322
f 281//281 342//342 293//293
f 325//325 343//343 371//371
f 410//410 326//326 293//293
f 502//502 391//391 312//312
f 230//230 313//313 372//372
f 314//314 467//467 373//373
f 252//252 328//328 393//393
f 297//297 434//434 328//328
f 285//285 284//284 469//469
f 374//374 285//285 451//451
f 267//267 374//374 481//481
f 315//315 375//375 470//470
f 298//298 344//344 375//375
f 219//219 426//426 384//384
f 219//219 436//436 426//426
f 330//330 299//299 378//378
f 277//277 330//330 395//395
f 396//396 379//379 287//287
f 287//287 304//304 396//396
f 304//304 334//334 397//397
f 237//237 439//439 356//356
f 237//237 356//356 334//334
f 357//357 385//385 358//358
f 397//397 334//334 386//386
f 348//348 357//357 358//358
f 386//386 334//334 387//387
f 386//386 387//387 347//347
f 348//348 358//358 359//359
f 347//347 387//387 346//346
f 400//400 348//348 352//352
f 387//387 401//401 346//346
f 351//351 348//348 359//359
f 346//346 401//401 349//349
f 359//359 363//363 351//351
f 271//271 416//416 415//415
f 289//289 279//279 403//403
f 339//339 498//498 338//338
f 262//262 340//340 477//477
f 322//322 407//407 354//354
f 310//310 370//370 369//369
f 341//341 463//463 342//342
f 310//310 311//311 325//325
f 310//310 325//325 390//390
f 424//424 263//263 326//326
f 295//295 263//263 424//424
f 230//230 372//372 502//502
f 450//450 250//250 295//295
f 450//450 296//296 250//250
f 314//314 296//296 467//467
f 252//252 425//425 265//265
f 252//252 393//393 425//425
f 232//232 493//493 434//434
f 254//254 394//394 493//493
f 267//267 481//481 376//376
f 411//411 267//267 376//376
f 355//355 494//494 377//377
f 330//330 378//378 395//395
f 397//397 396//396 304//304
f 396//396 385//385 332//332
f 356//356 439//439 413//413
f 334//334 356//356 387//387
f 348//348 400//400 357//357
f 360//360 386//386 347//347
f 352//352 381//381 400//400
f 360//360 350//350 361//361
f 381//381 352//352 336//336
f 335//335 349//349 401//401
f 381//381 336//336 415//415
f 336//336 271//271 415//415
f 350//350 363//363 361//361
f 222//222 318//318 416//416
f 364//364 289//289 417//417
f 417//417 289//289 403//403
f 319//319 243//243 486//486
f 353//353 320//320 487//487
f 388//388 275//275 430//430
f 498//498 337//337 338//338
f 404//404 419//419 383//383
f 306//306 337//337 321//321
f 366//366 307//307 405//405
f 322//322 366//366 405//405
f 408//408 367//367 369//369
f 341//341 368//368 463//463
f 410//410 293//293 409//409
f 265//265 425//425 313//313
f 328//328 434//434 433//433
f 436//436 435//435 426//426
f 396//396 397//397 398//398
f 357//357 400//400 380//380
f 386//386 360//360 414//414
f 359//359 358//358 414//414
f 414//414 360//360 361//361
f 401//401 387//387 399//399
f 359//359 414//414 361//361
f 335//335 401//401 402//402
f 402//402 362//362 335//335
f 359//359 361//361 363//363
f 243//243 362//362 382//382
f 486//486 243//243 382//382
f 319//319 486//486 418//418
f 320//320 388//388 487//487
f 430//430 275//275 354//354
f 339//339 508//508 498//498
f 477//477 508//508 262//262
f 322//322 405//405 407//407
f 369//369 370//370 408//408
f 372//372 313//313 392//392
f 313//313 425//425 392//392
f 451//451 285//285 469//469
f 268//268 411//411 452//452
f 396//396 398//398 385//385
f 358//358 385//385 398//398
f 387//387 356//356 413//413
f 414//414 358//358 398//398
f 387//387 413//413 399//399
f 404//404 290//290 442//442
f 407//407 421//421 354//354
f 340//340 406//406 422//422
f 423//423 408//408 370//370
f 368//368 367//367 490//490
f 310//310 390//390 464//464
f 310//310 464//464 370//370
f 293//293 342//342 409//409
f 410//410 409//409 479//479
f 371//371 466//466 325//325
f 424//424 326//326 410//410
f 432//432 371//371 391//391
f 467//467 296//296 450//450
f 328//328 433//433 393//393
f 327//327 468//468 469//469
f 344//344 453//453 375//375
f 494//494 355//355 452//452
f 269//269 331//331 437//437
f 277//277 471//471 345//345
f 380//380 455//455 333//333
f 397//397 386//386 398//398
f 398//398 386//386 414//414
f 399//399 402//402 401//401
f 402//402 440//440 362//362
f 362//362 440//440 441//441
f 417//417 519//519 364//364
f 498//498 429//429 337//337
f 337//337 420//420 321//321
f 307//307 365//365 405//405
f 419//419 431//431 389//389
f 422//422 477//477 340//340
f 389//389 460//460 406//406
f 406//406 445//445 422//422
f 368//368 490//490 463//463
f 342//342 512//512 409//409
f 466//466 390//390 325//325
f 410//410 479//479 448//448
f 371//371 449//449 466//466
f 450//450 295//295 424//424
f 467//467 450//450 556//556
f 376//376 481//481 482//482
f 453//453 344//344 384//384
f 504//504 494//494 452//452
f 384//384 426//426 516//516
f 495//495 377//377 494//494
f 437//437 436//436 269//269
f 412//412 427//427 331//331
f 439//439 345//345 438//438
f 439//439 438//438 413//413
f 380//380 400//400 455//455
f 399//399 413//413 428//428
f 456//456 400//400 381//381
f 415//415 456//456 381//381
f 402//402 399//399 472//472
f 485//485 415//415 416//416
f 364//364 416//416 318//318
f 362//362 441//441 382//382
f 321//321 420//420 365//365
f 405//405 365//365 444//444
f 445//445 406//406 460//460
f 407//407 405//405 447//447
f 462//462 367//367 408//408
f 464//464 524//524 370//370
f 342//342 463//463 512//512
f 409//409 512//512 465//465
f 409//409 465//465 479//479
f 449//449 371//371 432//432
f 556//556 450//450 526//526
f 568//568 373//373 467//467
f 327//327 373//373 468//468
f 394//394 470//470 607//607
f 543//543 299//299 377//377
f 412//412 333//333 455//455
f 455//455 400//400 456//456
f 415//415 457//457 456//456
f 472//472 440//440 402//402
f 364//364 458//458 416//416
f 290//290 418//418 442//442
f 498//498 443//443 429//429
f 337//337 429//429 420//420
f 430//430 354//354 476//476
f 431//431 532//532 389//389
f 407//407 509//509 421//421
f 422//422 445//445 446//446
f 407//407 447//447 523//523
f 462//462 490//490 367//367
f 448//448 424//424 410//410
f 566//566 391//391 502//502
f 375//375 570//570 470//470
f 452//452 411//411 483//483
f 384//384 516//516 454//454
f 435//435 436//436 507//507
f 299//299 543//543 378//378
f 277//277 395//395 471//471
f 471//471 438//438 345//345
f 428//428 413//413 438//438
f 472//472 399//399 428//428
f 457//457 415//415 485//485
f 279//279 559//559 403//403
f 279//279 353//353 559//559
f 429//429 443//443 459//459
f 419//419 404//404 475//475
f 354//354 421//421 476//476
f 365//365 499//499 444//444
f 532//532 460//460 389//389
f 523//523 509//509 407//407
f 447//447 405//405 461//461
f 423//423 462//462 408//408
f 466//466 464//464 390//390
f 480//480 466//466 449//449
f 449//449 555//555 480//480
f 566//566 432//432 391//391
f 392//392 502//502 372//372
f 590//590 393//393 491//491
f 493//493 542//542 434//434
f 411//411 376//376 482//482
f 505//505 377//377 495//495
f 518//518 412//412 455//455
f 472//472 544//544 440//440
f 458//458 485//485 416//416
f 382//382 520//520 486//486
f 546//546 418//418 486//486
f 498//498 473//473 443//443
f 473//473 474//474 459//459
f 473//473 459//459 443//443
f 459//459 474//474 420//420
f 459//459 420//420 429//429
f 477//477 501//501 508//508
f 421//421 509//509 599//599
f 500//500 532//532 431//431
f 444//444 461//461 405//405
f 446//446 445//445 478//478
f 462//462 423//423 511//511
f 585//585 463//463 490//490
f 480//480 514//514 466//466
f 448//448 564//564 424//424
f 393//393 590//590 425//425
f 540//540 373//373 568//568
f 373//373 540//540 468//468
f 491//491 393//393 433//433
f 591//591 433//433 434//434
f 591//591 434//434 542//542
f 503//503 411//411 482//482
f 375//375 453//453 515//515
f 454//454 569//569 453//453
f 483//483 504//504 452//452
f 384//384 454//454 453//453
f 426//426 435//435 516//516
f 437//437 331//331 639//639
f 518//518 496//496 412//412
f 518//518 455//455 457//457
f 438//438 484//484 428//428
f 455//455 456//456 457//457
f 472//472 428//428 484//484
f 458//458 364//364 519//519
f 559//559 353//353 610//610
f 610//610 353//353 487//487
f 404//404 560//560 475//475
f 498//498 488//488 473//473
f 488//488 489//489 474//474
f 488//488 474//474 473//473
f 474//474 489//489 420//420
f 431//431 419//419 475//475
f 420//420 499//499 365//365
f 421//421 599//599 476//476
f 422//422 446//446 551//551
f 446//446 510//510 551//551
f 523//523 447//447 536//536
f 370//370 554//554 423//423
f 524//524 554//554 370//370
f 562//562 464//464 466//466
f 617//617 449//449 432//432
f 567//567 392//392 425//425
f 469//469 468//468 606//606
f 469//469 579//579 451//451
f 374//374 592//592 481//481
f 470//470 570//570 557//557
f 436//436 437//437 507//507
f 484//484 438//438 471//471
f 528//528 472//472 484//484
f 485//485 518//518 457//457
f 544//544 596//596 440//440
f 487//487 388//388 531//531
f 388//388 430//430 531//531
f 498//498 497//497 488//488
f 497//497 547//547 489//489
f 497//497 489//489 488//488
f 489//489 547//547 420//420
f 500//500 431//431 548//548
f 499//499 522//522 444//444
f 551//551 477//477 422//422
f 447//447 461//461 552//552
f 445//445 460//460 478//478
f 446//446 478//478 510//510
f 536//536 447//447 552//552
f 585//585 490//490 462//462
f 512//512 463//463 585//585
f 479//479 525//525 448//448
f 525//525 564//564 448//448
f 617//617 555//555 449//449
f 566//566 587//587 432//432
f 589//589 467//467 556//556
f 590//590 567//567 425//425
f 451//451 592//592 374//374
f 470//470 557//557 607//607
f 481//481 651//651 482//482
f 570//570 375//375 515//515
f 453//453 569//569 515//515
f 503//503 483//483 411//411
f 494//494 504//504 495//495
f 435//435 507//507 506//506
f 495//495 571//571 505//505
f 331//331 427//427 639//639
f 471//471 395//395 517//517
f 496//496 427//427 412//412
f 528//528 484//484 471//471
f 582//582 518//518 485//485
f 441//441 440//440 608//608
f 442//442 418//418 546//546
f 430//430 476//476 531//531
f 497//497 498//498 547//547
f 431//431 475//475 548//548
f 508//508 501//501 550//550
f 476//476 599//599 549//549
f 477//477 551//551 501//501
f 461//461 444//444 522//522
f 552//552 573//573 536//536
f 423//423 614//614 511//511
f 511//511 585//585 462//462
f 562//562 466//466 514//514
f 538//538 514//514 480//480
f 555//555 538//538 480//480
f 577//577 526//526 450//450
f 577//577 450//450 424//424
f 567//567 588//588 392//392
f 491//491 433//433 541//541
f 541//541 433//433 591//591
f 469//469 606//606 579//579
f 493//493 661//661 542//542
f 394//394 607//607 493//493
f 378//378 572//572 395//395
f 471//471 517//517 528//528
f 528//528 544//544 472//472
f 458//458 582//582 485//485
f 382//382 441//441 520//520
f 519//519 417//417 529//529
f 417//417 403//403 529//529
f 442//442 560//560 404//404
f 498//498 508//508 550//550
f 523//523 535//535 509//509
f 464//464 562//562 524//524
f 512//512 537//537 465//465
f 479//479 465//465 513//513
f 479//479 513//513 576//576
f 604//604 479//479 576//576
f 539//539 538//538 555//555
f 525//525 479//479 604//604
f 577//577 424//424 564//564
f 392//392 588//588 502//502
f 541//541 633//633 491//491
f 468//468 540//540 492//492
f 492//492 606//606 468//468
f 592//592 451//451 579//579
f 572//572 378//378 543//543
f 518//518 582//582 496//496
f 596//596 608//608 440//440
f 458//458 519//519 622//622
f 558//558 520//520 441//441
f 486//486 520//520 530//530
f 486//486 530//530 546//546
f 531//531 476//476 583//583
f 498//498 550//550 547//547
f 420//420 521//521 499//499
f 533//533 599//599 509//509
f 532//532 534//534 460//460
f 460//460 534//534 478//478
f 523//523 536//536 535//535
f 563//563 562//562 514//514
f 616//616 539//539 555//555
f 588//588 566//566 502//502
f 568//568 467//467 589//589
f 493//493 607//607 661//661
f 651//651 481//481 592//592
f 651//651 580//580 482//482
f 483//483 638//638 504//504
f 504//504 571//571 495//495
f 594//594 505//505 571//571
f 437//437 581//581 507//507
f 544//544 528//528 517//517
f 458//458 622//622 582//582
f 441//441 608//608 558//558
f 529//529 403//403 545//545
f 476//476 549//549 583//583
f 521//521 420//420 547//547
f 522//522 499//499 612//612
f 522//522 613//613 461//461
f 510//510 600//600 551//551
f 461//461 613//613 552//552
f 510//510 478//478 553//553
f 534//534 602//602 478//478
f 573//573 535//535 536//536
f 554//554 614//614 423//423
f 562//562 627//627 524//524
f 513//513 465//465 575//575
f 525//525 604//604 618//618
f 556//556 526//526 577//577
f 634//634 483//483 503//503
f 620//620 515//515 569//569
f 516//516 527//527 454//454
f 435//435 506//506 516//516
f 507//507 595//595 506//506
f 505//505 543//543 377//377
f 545//545 403//403 559//559
f 599//599 665//665 549//549
f 501//501 551//551 654//654
f 535//535 533//533 509//509
f 535//535 573//573 561//561
f 512//512 626//626 537//537
f 629//629 538//538 539//539
f 565//565 539//539 616//616
f 616//616 555//555 617//617
f 540//540 568//568 671//671
f 591//591 542//542 661//661
f 620//620 621//621 515//515
f 637//637 503//503 482//482
f 516//516 506//506 527//527
f 571//571 504//504 638//638
f 507//507 581//581 595//595
f 544//544 517//517 596//596
f 622//622 519//519 529//529
f 475//475 560//560 643//643
f 583//583 549//549 664//664
f 475//475 611//611 548//548
f 500//500 584//584 532//532
f 534//534 532//532 584//584
f 510//510 553//553 600//600
f 552//552 655//655 573//573
f 553//553 478//478 602//602
f 512//512 585//585 626//626
f 537//537 575//575 465//465
f 575//575 586//586 513//513
f 563//563 514//514 650//650
f 538//538 650//650 514//514
f 618//618 630//630 564//564
f 618//618 564//564 525//525
f 587//587 617//617 432//432
f 566//566 588//588 587//587
f 694//694 589//589 556//556
f 568//568 589//589 694//694
f 671//671 568//568 670//670
f 491//491 682//682 590//590
f 682//682 491//491 633//633
f 492//492 540//540 578//578
f 570//570 515//515 636//636
f 483//483 635//635 638//638
f 517//517 395//395 572//572
f 496//496 582//582 427//427
f 596//596 642//642 608//608
f 475//475 643//643 611//611
f 547//547 550//550 598//598
f 547//547 597//597 623//623
f 612//612 499//499 521//521
f 549//549 645//645 664//664
f 501//501 654//654 550//550
f 688//688 613//613 522//522
f 603//603 511//511 614//614
f 524//524 615//615 554//554
f 626//626 628//628 537//537
f 513//513 586//586 576//576
f 631//631 629//629 539//539
f 617//617 709//709 616//616
f 618//618 604//604 658//658
f 564//564 619//619 577//577
f 567//567 605//605 588//588
f 492//492 578//578 606//606
f 607//607 557//557 593//593
f 634//634 635//635 483//483
f 454//454 620//620 569//569
f 503//503 637//637 697//697
f 672//672 515//515 621//621
f 698//698 543//543 505//505
f 437//437 639//639 581//581
f 699//699 572//572 543//543
f 517//517 572//572 640//640
f 582//582 622//622 609//609
f 664//664 644//644 583//583
f 547//547 598//598 597//597
f 521//521 547//547 623//623
f 521//521 623//623 624//624
f 550//550 654//654 598//598
f 645//645 549//549 665//665
f 646//646 500//500 548//548
f 551//551 666//666 654//654
f 551//551 600//600 666//666
f 500//500 646//646 584//584
f 534//534 584//584 677//677
f 561//561 648//648 535//535
f 552//552 613//613 655//655
f 511//511 724//724 585//585
f 615//615 614//614 554//554
f 627//627 615//615 524//524
f 627//627 562//562 649//649
f 657//657 562//562 563//563
f 565//565 681//681 539//539
f 587//587 709//709 617//617
f 619//619 556//556 577//577
f 556//556 660//660 694//694
f 632//632 605//605 567//567
f 590//590 632//632 567//567
f 694//694 670//670 568//568
f 590//590 682//682 632//632
f 732//732 621//621 620//620
f 634//634 503//503 697//697
f 557//557 570//570 636//636
f 672//672 636//636 515//515
f 427//427 582//582 641//641
f 596//596 517//517 640//640
f 530//530 520//520 663//663
f 529//529 545//545 721//721
f 487//487 531//531 610//610
f 560//560 442//442 643//643
f 688//688 522//522 612//612
f 599//599 533//533 665//665
f 533//533 535//535 648//648
f 600//600 553//553 601//601
f 534//534 677//677 602//602
f 573//573 655//655 704//704
f 537//537 628//628 574//574
f 649//649 562//562 657//657
f 575//575 537//537 574//574
f 604//604 576//576 658//658
f 619//619 660//660 556//556
f 714//714 633//633 541//541
f 591//591 661//661 696//696
f 482//482 580//580 637//637
f 582//582 609//609 641//641
f 520//520 558//558 700//700
f 442//442 546//546 675//675
f 559//559 610//610 701//701
f 531//531 583//583 644//644
f 643//643 653//653 611//611
f 611//611 687//687 548//548
f 601//601 553//553 690//690
f 573//573 704//704 625//625
f 625//625 561//561 573//573
f 650//650 538//538 629//629
f 630//630 619//619 564//564
f 710//710 659//659 630//630
f 710//710 630//630 618//618
f 539//539 681//681 631//631
f 693//693 587//587 588//588
f 578//578 540//540 695//695
f 606//606 684//684 579//579
f 637//637 580//580 652//652
f 454//454 527//527 620//620
f 638//638 752//752 571//571
f 699//699 543//543 698//698
f 581//581 639//639 720//720
f 640//640 572//572 699//699
f 609//609 622//622 742//742
f 558//558 608//608 700//700
f 675//675 546//546 530//530
f 442//442 675//675 643//643
f 531//531 644//644 610//610
f 533//533 648//648 647//647
f 561//561 736//736 648//648
f 690//690 553//553 602//602
f 603//603 724//724 511//511
f 678//678 603//603 614//614
f 657//657 563//563 650//650
f 575//575 725//725 586//586
f 586//586 667//667 576//576
f 658//658 710//710 618//618
f 696//696 541//541 591//591
f 592//592 751//751 651//651
f 730//730 580//580 651//651
f 635//635 774//774 638//638
f 557//557 636//636 593//593
f 764//764 527//527 506//506
f 594//594 571//571 752//752
f 639//639 427//427 720//720
f 427//427 641//641 720//720
f 642//642 596//596 640//640
f 663//663 675//675 530//530
f 644//644 733//733 610//610
f 686//686 644//644 664//664
f 611//611 653//653 702//702
f 623//623 782//782 624//624
f 598//598 654//654 722//722
f 612//612 521//521 624//624
f 548//548 687//687 646//646
f 533//533 647//647 665//665
f 600//600 601//601 666//666
f 656//656 690//690 602//602
f 625//625 736//736 561//561
f 692//692 724//724 603//603
f 627//627 746//746 615//615
f 628//628 626//626 758//758
f 679//679 627//627 649//649
f 575//575 574//574 725//725
f 707//707 657//657 650//650
f 576//576 667//667 680//680
f 658//658 576//576 680//680
f 727//727 616//616 709//709
f 587//587 693//693 709//709
f 786//786 660//660 619//619
f 540//540 671//671 695//695
f 682//682 633//633 714//714
f 696//696 661//661 740//740
f 579//579 751//751 592//592
f 621//621 732//732 672//672
f 764//764 506//506 718//718
f 506//506 595//595 718//718
f 595//595 581//581 777//777
f 674//674 609//609 742//742
f 742//742 622//622 529//529
f 520//520 700//700 663//663
f 545//545 559//559 701//701
f 598//598 766//766 597//597
f 766//766 623//623 597//597
f 611//611 702//702 687//687
f 688//688 612//612 624//624
f 677//677 691//691 602//602
f 615//615 678//678 614//614
f 758//758 585//585 724//724
f 758//758 626//626 585//585
f 679//679 746//746 627//627
f 628//628 706//706 574//574
f 586//586 725//725 667//667
f 668//668 629//629 631//631
f 616//616 681//681 565//565
f 669//669 631//631 681//681
f 605//605 693//693 588//588
f 750//750 694//694 660//660
f 605//605 632//632 713//713
f 714//714 541//541 696//696
f 578//578 683//683 606//606
f 606//606 683//683 684//684
f 579//579 684//684 751//751
f 661//661 685//685 740//740
f 661//661 607//607 685//685
f 607//607 593//593 685//685
f 635//635 731//731 774//774
f 580//580 730//730 652//652
f 593//593 636//636 717//717
f 637//637 652//652 697//697
f 581//581 720//720 777//777
f 640//640 673//673 642//642
f 641//641 609//609 778//778
f 653//653 643//643 676//676
f 644//644 686//686 733//733
f 755//755 766//766 598//598
f 766//766 782//782 623//623
f 598//598 722//722 755//755
f 664//664 703//703 686//686
f 664//664 645//645 703//703
f 744//744 601//601 690//690
f 872//872 625//625 704//704
f 691//691 656//656 602//602
f 746//746 705//705 615//615
f 649//649 657//657 707//707
f 650//650 629//629 668//668
f 738//738 786//786 619//619
f 738//738 619//619 630//630
f 728//728 669//669 681//681
f 605//605 729//729 693//693
f 713//713 729//729 605//605
f 634//634 731//731 635//635
f 697//697 662//662 634//634
f 672//672 717//717 636//636
f 721//721 545//545 743//743
f 645//645 647//647 703//703
f 654//654 666//666 767//767
f 647//647 645//645 665//665
f 688//688 735//735 613//613
f 666//666 601//601 744//744
f 655//655 613//613 689//689
f 677//677 723//723 691//691
f 615//615 705//705 678//678
f 574//574 706//706 725//725
f 707//707 650//650 726//726
f 770//770 658//658 680//680
f 631//631 708//708 668//668
f 727//727 681//681 616//616
f 749//749 710//710 658//658
f 671//671 670//670 712//712
f 671//671 712//712 695//695
f 651//651 751//751 730//730
f 593//593 775//775 685//685
f 777//777 776//776 595//595
f 640//640 699//699 673//673
f 609//609 674//674 778//778
f 608//608 741//741 700//700
f 818//818 779//779 663//663
f 545//545 701//701 743//743
f 663//663 779//779 675//675
f 782//782 783//783 624//624
f 722//722 654//654 767//767
f 666//666 744//744 745//745
f 613//613 735//735 689//689
f 655//655 689//689 704//704
f 768//768 679//679 649//649
f 747//747 649//649 707//707
f 726//726 650//650 668//668
f 738//738 630//630 659//659
f 749//749 658//658 770//770
f 631//631 669//669 708//708
f 727//727 728//728 681//681
f 786//786 750//750 660//660
f 711//711 670//670 694//694
f 682//682 739//739 632//632
f 578//578 695//695 683//683
f 684//684 715//715 751//751
f 788//788 731//731 634//634
f 716//716 732//732 620//620
f 716//716 620//620 527//527
f 732//732 762//762 672//672
f 717//717 775//775 593//593
f 763//763 752//752 638//638
f 608//608 642//642 741//741
f 742//742 529//529 721//721
f 643//643 675//675 780//780
f 701//701 610//610 733//733
f 643//643 780//780 676//676
f 653//653 803//803 702//702
f 687//687 702//702 781//781
f 624//624 756//756 688//688
f 744//744 690//690 820//820
f 656//656 820//820 690//690
f 628//628 758//758 706//706
f 667//667 748//748 680//680
f 680//680 748//748 770//770
f 738//738 659//659 710//710
f 711//711 712//712 670//670
f 632//632 739//739 713//713
f 829//829 828//828 696//696
f 829//829 696//696 740//740
f 638//638 774//774 763//763
f 762//762 717//717 672//672
f 764//764 716//716 527//527
f 595//595 719//719 718//718
f 642//642 673//673 741//741
f 653//653 676//676 803//803
f 733//733 686//686 792//792
f 703//703 647//647 734//734
f 646//646 840//840 584//584
f 688//688 756//756 735//735
f 666//666 745//745 920//920
f 746//746 679//679 768//768
f 747//747 768//768 649//649
f 706//706 737//737 725//725
f 708//708 726//726 668//668
f 809//809 738//738 710//710
f 809//809 710//710 749//749
f 750//750 711//711 694//694
f 848//848 739//739 682//682
f 848//848 682//682 714//714
f 813//813 714//714 696//696
f 716//716 773//773 732//732
f 732//732 773//773 762//762
f 788//788 634//634 662//662
f 505//505 594//594 698//698
f 701//701 733//733 753//753
f 840//840 646//646 687//687
f 840//840 687//687 781//781
f 840//840 757//757 584//584
f 677//677 584//584 757//757
f 723//723 677//677 757//757
f 841//841 872//872 704//704
f 872//872 736//736 625//625
f 747//747 707//707 807//807
f 725//725 823//823 667//667
f 667//667 823//823 748//748
f 748//748 794//794 770//770
f 796//796 749//749 770//770
f 693//693 772//772 727//727
f 693//693 727//727 709//709
f 760//760 727//727 772//772
f 760//760 728//728 727//727
f 712//712 711//711 810//810
f 695//695 712//712 812//812
f 683//683 695//695 812//812
f 829//829 740//740 685//685
f 751//751 814//814 730//730
f 762//762 816//816 717//717
f 595//595 776//776 719//719
f 777//777 720//720 915//915
f 641//641 778//778 720//720
f 700//700 741//741 817//817
f 700//700 835//835 663//663
f 721//721 743//743 853//853
f 675//675 779//779 780//780
f 666//666 920//920 767//767
f 648//648 819//819 647//647
f 1021//1021 820//820 656//656
f 691//691 1021//1021 656//656
f 603//603 784//784 692//692
f 784//784 724//724 692//692
f 784//784 758//758 724//724
f 706//706 758//758 759//759
f 725//725 737//737 823//823
f 807//807 707//707 726//726
f 769//769 726//726 708//708
f 809//809 808//808 738//738
f 796//796 809//809 749//749
f 760//760 771//771 728//728
f 797//797 669//669 728//728
f 771//771 797//797 728//728
f 798//798 750//750 786//786
f 729//729 799//799 693//693
f 798//798 711//711 750//750
f 712//712 895//895 812//812
f 828//828 813//813 696//696
f 662//662 900//900 788//788
f 775//775 850//850 685//685
f 801//801 652//652 730//730
f 801//801 697//697 652//652
f 719//719 764//764 718//718
f 594//594 802//802 698//698
f 765//765 699//699 698//698
f 975//975 778//778 674//674
f 674//674 742//742 834//834
f 818//818 916//916 779//779
f 743//743 701//701 753//753
f 733//733 792//792 753//753
f 735//735 887//887 689//689
f 820//820 805//805 744//744
f 841//841 704//704 689//689
f 678//678 784//784 603//603
f 705//705 746//746 806//806
f 758//758 821//821 759//759
f 759//759 737//737 706//706
f 669//669 795//795 708//708
f 808//808 786//786 738//738
f 739//739 761//761 713//713
f 813//813 848//848 714//714
f 815//815 763//763 774//774
f 730//730 814//814 801//801
f 789//789 716//716 764//764
f 866//866 662//662 697//697
f 764//764 791//791 789//789
f 801//801 866//866 697//697
f 833//833 790//790 763//763
f 752//752 763//763 790//790
f 852//852 673//673 699//699
f 975//975 674//674 834//834
f 663//663 835//835 818//818
f 721//721 853//853 742//742
f 779//779 836//836 780//780
f 702//702 803//803 754//754
f 754//754 781//781 702//702
f 686//686 703//703 804//804
f 781//781 871//871 840//840
f 703//703 734//734 839//839
f 648//648 921//921 819//819
f 648//648 736//736 921//921
f 705//705 785//785 678//678
f 821//821 758//758 784//784
f 759//759 821//821 842//842
f 746//746 768//768 806//806
f 768//768 747//747 876//876
f 708//708 795//795 769//769
f 796//796 770//770 794//794
f 797//797 795//795 669//669
f 760//760 825//825 771//771
f 787//787 760//760 772//772
f 713//713 799//799 729//729
f 684//684 683//683 715//715
f 814//814 751//751 715//715
f 789//789 773//773 716//716
f 789//789 831//831 773//773
f 731//731 815//815 774//774
f 773//773 831//831 762//762
f 866//866 900//900 662//662
f 816//816 913//913 717//717
f 913//913 775//775 717//717
f 763//763 815//815 833//833
f 915//915 776//776 777//777
f 852//852 699//699 765//765
f 720//720 778//778 915//915
f 817//817 835//835 700//700
f 780//780 836//836 676//676
f 686//686 837//837 792//792
f 686//686 804//804 837//837
f 703//703 839//839 804//804
f 783//783 903//903 624//624
f 624//624 903//903 756//756
f 856//856 767//767 920//920
f 647//647 819//819 734//734
f 744//744 805//805 745//745
f 806//806 768//768 793//793
f 737//737 759//759 859//859
f 807//807 726//726 769//769
f 846//846 798//798 786//786
f 845//845 786//786 808//808
f 693//693 799//799 772//772
f 713//713 761//761 799//799
f 811//811 761//761 739//739
f 811//811 739//739 848//848
f 810//810 895//895 712//712
f 788//788 832//832 731//731
f 850//850 829//829 685//685
f 913//913 850//850 775//775
f 752//752 802//802 594//594
f 673//673 852//852 867//867
f 673//673 817//817 741//741
f 803//803 676//676 836//836
f 782//782 855//855 783//783
f 756//756 919//919 735//735
f 705//705 806//806 785//785
f 759//759 842//842 859//859
f 768//768 876//876 793//793
f 876//876 747//747 807//807
f 748//748 823//823 794//794
f 844//844 807//807 769//769
f 894//894 796//796 794//794
f 812//812 800//800 683//683
f 731//731 832//832 815//815
f 899//899 801//801 814//814
f 901//901 791//791 764//764
f 719//719 901//901 764//764
f 932//932 802//802 752//752
f 765//765 698//698 802//802
f 673//673 867//867 817//817
f 792//792 837//837 753//753
f 755//755 870//870 766//766
f 870//870 782//782 766//766
f 782//782 870//870 959//959
f 722//722 886//886 755//755
f 756//756 903//903 919//919
f 735//735 919//919 887//887
f 887//887 904//904 689//689
f 689//689 904//904 841//841
f 723//723 889//889 691//691
f 785//785 784//784 678//678
f 859//859 842//842 858//858
f 822//822 793//793 876//876
f 737//737 859//859 823//823
f 823//823 877//877 794//794
f 795//795 844//844 769//769
f 863//863 845//845 808//808
f 824//824 808//808 809//809
f 824//824 809//809 796//796
f 787//787 825//825 760//760
f 846//846 786//786 845//845
f 826//826 787//787 772//772
f 927//927 826//826 772//772
f 799//799 927//927 772//772
f 827//827 848//848 813//813
f 800//800 715//715 683//683
f 832//832 898//898 815//815
f 789//789 791//791 851//851
f 790//790 946//946 752//752
f 946//946 932//932 752//752
f 991//991 719//719 776//776
f 742//742 869//869 834//834
f 853//853 743//743 753//753
f 836//836 779//779 916//916
f 836//836 754//754 803//803
f 781//781 754//754 838//838
f 755//755 886//886 870//870
f 997//997 722//722 767//767
f 840//840 1046//1046 757//757
f 785//785 962//962 784//784
f 842//842 857//857 858//858
f 894//894 794//794 877//877
f 795//795 878//878 844//844
f 825//825 864//864 771//771
f 846//846 845//845 911//911
f 882//882 711//711 798//798
f 761//761 847//847 799//799
f 847//847 761//761 811//811
f 812//812 912//912 800//800
f 896//896 828//828 829//829
f 865//865 815//815 898//898
f 830//830 884//884 789//789
f 899//899 814//814 715//715
f 831//831 789//789 884//884
f 897//897 829//829 850//850
f 815//815 865//865 931//931
f 788//788 900//900 832//832
f 762//762 831//831 816//816
f 851//851 830//830 789//789
f 931//931 833//833 815//815
f 869//869 742//742 853//853
f 959//959 855//855 782//782
f 838//838 871//871 781//781
f 805//805 920//920 745//745
f 888//888 805//805 820//820
f 1021//1021 888//888 820//820
f 1048//1048 736//736 872//872
f 962//962 821//821 784//784
f 842//842 821//821 950//950
f 806//806 793//793 890//890
f 842//842 963//963 857//857
f 859//859 858//858 861//861
f 797//797 878//878 795//795
f 908//908 863//863 808//808
f 864//864 797//797 771//771
f 787//787 881//881 825//825
f 880//880 882//882 846//846
f 882//882 798//798 846//846
f 711//711 882//882 929//929
f 711//711 929//929 810//810
f 827//827 883//883 848//848
f 812//812 895//895 849//849
f 896//896 827//827 813//813
f 849//849 912//912 812//812
f 896//896 813//813 828//828
f 715//715 800//800 899//899
f 897//897 896//896 829//829
f 899//899 885//885 801//801
f 885//885 866//866 801//801
f 901//901 945//945 791//791
f 901//901 719//719 991//991
f 992//992 776//776 915//915
f 778//778 975//975 915//915
f 817//817 994//994 835//835
f 835//835 868//868 818//818
f 854//854 753//753 917//917
f 836//836 902//902 754//754
f 917//917 753//753 837//837
f 754//754 977//977 838//838
f 997//997 767//767 856//856
f 734//734 979//979 839//839
f 819//819 979//979 734//734
f 873//873 793//793 822//822
f 860//860 873//873 822//822
f 858//858 874//874 861//861
f 860//860 822//822 875//875
f 822//822 876//876 875//875
f 859//859 861//861 892//892
f 860//860 875//875 843//843
f 859//859 923//923 823//823
f 874//874 860//860 843//843
f 893//893 843//843 875//875
f 893//893 875//875 891//891
f 861//861 862//862 892//892
f 861//861 874//874 843//843
f 876//876 807//807 844//844
f 861//861 843//843 862//862
f 862//862 843//843 926//926
f 843//843 893//893 926//926
f 894//894 824//824 796//796
f 864//864 878//878 797//797
f 824//824 908//908 808//808
f 847//847 927//927 799//799
f 883//883 811//811 848//848
f 914//914 850//850 913//913
f 833//833 974//974 790//790
f 1060//1060 765//765 802//802
f 817//817 867//867 933//933
f 818//818 868//868 916//916
f 854//854 853//853 753//753
f 1035//1035 723//723 757//757
f 806//806 935//935 785//785
f 842//842 950//950 963//963
f 922//922 890//890 793//793
f 858//858 857//857 936//936
f 858//858 965//965 874//874
f 874//874 905//905 860//860
f 891//891 875//875 876//876
f 862//862 926//926 879//879
f 881//881 864//864 825//825
f 927//927 910//910 826//826
f 826//826 881//881 787//787
f 895//895 810//810 929//929
f 957//957 884//884 830//830
f 930//930 898//898 832//832
f 931//931 865//865 989//989
f 931//931 1039//1039 833//833
f 791//791 1016//1016 851//851
f 790//790 974//974 946//946
f 991//991 776//776 992//992
f 993//993 915//915 975//975
f 852//852 1031//1031 867//867
f 834//834 958//958 975//975
f 1063//1063 869//869 853//853
f 836//836 916//916 902//902
f 886//886 722//722 997//997
f 855//855 903//903 783//783
f 962//962 950//950 821//821
f 890//890 935//935 806//806
f 857//857 963//963 936//936
f 922//922 793//793 873//873
f 873//873 860//860 905//905
f 923//923 859//859 892//892
f 823//823 923//923 877//877
f 906//906 876//876 844//844
f 924//924 893//893 891//891
f 926//926 893//893 924//924
f 862//862 879//879 938//938
f 844//844 878//878 925//925
f 907//907 894//894 877//877
f 940//940 925//925 878//878
f 968//968 907//907 877//877
f 1003//1003 925//925 940//940
f 894//894 939//939 824//824
f 881//881 1023//1023 864//864
f 909//909 845//845 863//863
f 951//951 846//846 911//911
f 909//909 911//911 845//845
f 928//928 927//927 847//847
f 847//847 811//811 928//928
f 895//895 929//929 953//953
f 944//944 896//896 897//897
f 898//898 930//930 984//984
f 898//898 943//943 865//865
f 989//989 865//865 985//985
f 851//851 1072//1072 830//830
f 831//831 987//987 816//816
f 866//866 930//930 900//900
f 930//930 832//832 900//900
f 833//833 1029//1029 974//974
f 946//946 948//948 932//932
f 869//869 995//995 834//834
f 835//835 1032//1032 868//868
f 1063//1063 853//853 854//854
f 917//917 837//837 949//949
f 949//949 837//837 804//804
f 870//870 934//934 959//959
f 886//886 934//934 870//870
f 839//839 979//979 978//978
f 903//903 1077//1077 919//919
f 1035//1035 757//757 1046//1046
f 961//961 805//805 888//888
f 841//841 980//980 872//872
f 691//691 889//889 1021//1021
f 965//965 905//905 874//874
f 891//891 876//876 906//906
f 892//892 938//938 923//923
f 923//923 967//967 877//877
f 892//892 862//862 938//938
f 906//906 844//844 925//925
f 968//968 877//877 967//967
f 939//939 894//894 907//907
f 1023//1023 878//878 864//864
f 826//826 1053//1053 881//881
f 951//951 880//880 846//846
f 911//911 941//941 951//951
f 942//942 1053//1053 826//826
f 910//910 942//942 826//826
f 883//883 928//928 811//811
f 849//849 895//895 953//953
f 955//955 827//827 956//956
f 849//849 954//954 983//983
f 849//849 983//983 912//912
f 956//956 827//827 896//896
f 800//800 912//912 983//983
f 944//944 956//956 896//896
f 943//943 898//898 984//984
f 943//943 985//985 865//865
f 884//884 972//972 831//831
f 897//897 850//850 914//914
f 1072//1072 957//957 830//830
f 990//990 945//945 901//901
f 947//947 990//990 901//901
f 992//992 915//915 993//993
f 902//902 977//977 754//754
f 871//871 838//838 918//918
f 1121//1121 856//856 920//920
f 805//805 960//960 920//920
f 872//872 980//980 1048//1048
f 935//935 962//962 785//785
f 922//922 873//873 966//966
f 905//905 966//966 873//873
f 891//891 906//906 937//937
f 967//967 923//923 938//938
f 924//924 891//891 937//937
f 906//906 925//925 1003//1003
f 937//937 906//906 1003//1003
f 968//968 939//939 907//907
f 878//878 1023//1023 940//940
f 1051//1051 824//824 939//939
f 1051//1051 908//908 824//824
f 926//926 1037//1037 879//879
f 908//908 909//909 863//863
f 1023//1023 881//881 1053//1053
f 927//927 952//952 910//910
f 882//882 880//880 929//929
f 955//955 883//883 827//827
f 849//849 953//953 954//954
f 884//884 986//986 972//972
f 899//899 800//800 983//983
f 944//944 897//897 914//914
f 885//885 988//988 866//866
f 988//988 930//930 866//866
f 816//816 987//987 913//913
f 1016//1016 791//791 945//945
f 1039//1039 1029//1029 833//833
f 947//947 901//901 991//991
f 932//932 1060//1060 802//802
f 765//765 1060//1060 1031//1031
f 765//765 1031//1031 852//852
f 817//817 933//933 994//994
f 1063//1063 854//854 976//976
f 1020//1020 804//804 839//839
f 959//959 1019//1019 855//855
f 871//871 1046//1046 840//840
f 919//919 1078//1078 887//887
f 960//960 1121//1121 920//920
f 979//979 819//819 921//921
f 961//961 960//960 805//805
f 965//965 858//858 936//936
f 1050//1050 924//924 937//937
f 1003//1003 1002//1002 937//937
f 1037//1037 938//938 879//879
f 981//981 1003//1003 940//940
f 1023//1023 981//981 940//940
f 1004//1004 926//926 924//924
f 1004//1004 1037//1037 926//926
f 941//941 911//911 909//909
f 927//927 928//928 952//952
f 1005//1005 970//970 941//941
f 880//880 969//969 929//929
f 953//953 929//929 969//969
f 982//982 955//955 956//956
f 957//957 986//986 884//884
f 831//831 972//972 987//987
f 885//885 899//899 983//983
f 987//987 1027//1027 913//913
f 1027//1027 914//914 913//913
f 989//989 973//973 931//931
f 1029//1029 1030//1030 974//974
f 946//946 974//974 948//948
f 993//993 975//975 1061//1061
f 835//835 994//994 1032//1032
f 976//976 854//854 917//917
f 1159//1159 804//804 1020//1020
f 886//886 997//997 1065//1065
f 903//903 855//855 1077//1077
f 1077//1077 1078//1078 919//919
f 998//998 904//904 887//887
f 980//980 841//841 904//904
f 964//964 935//935 890//890
f 964//964 890//890 922//922
f 968//968 967//967 1001//1001
f 968//968 1051//1051 939//939
f 951//951 969//969 880//880
f 951//951 941//941 970//970
f 942//942 1054//1054 1053//1053
f 971//971 942//942 910//910
f 942//942 971//971 1054//1054
f 952//952 928//928 1009//1009
f 955//955 1009//1009 928//928
f 928//928 883//883 955//955
f 954//954 953//953 1007//1007
f 982//982 1013//1013 955//955
f 983//983 954//954 1011//1011
f 992//992 1104//1104 991//991
f 995//995 869//869 1062//1062
f 1062//1062 869//869 1063//1063
f 916//916 996//996 902//902
f 902//902 1033//1033 977//977
f 839//839 978//978 1020//1020
f 1121//1121 997//997 856//856
f 1035//1035 889//889 723//723
f 962//962 999//999 950//950
f 963//963 950//950 999//999
f 999//999 936//936 963//963
f 965//965 936//936 999//999
f 1000//1000 966//966 965//965
f 966//966 905//905 965//965
f 1022//1022 1003//1003 981//981
f 952//952 1006//1006 910//910
f 953//953 969//969 1007//1007
f 1011//1011 954//954 1010//1010
f 944//944 982//982 956//956
f 984//984 1015//1015 943//943
f 943//943 1015//1015 985//985
f 885//885 983//983 1012//1012
f 1027//1027 944//944 914//914
f 1012//1012 988//988 885//885
f 990//990 1040//1040 945//945
f 991//991 1104//1104 947//947
f 1031//1031 933//933 867//867
f 958//958 834//834 995//995
f 916//916 868//868 996//996
f 1034//1034 917//917 949//949
f 1034//1034 949//949 804//804
f 977//977 1105//1105 838//838
f 886//886 1065//1065 934//934
f 959//959 934//934 1069//1069
f 918//918 1045//1045 871//871
f 1079//1079 997//997 1121//1121
f 1078//1078 998//998 887//887
f 1035//1035 1097//1097 889//889
f 962//962 935//935 964//964
f 999//999 962//962 964//964
f 964//964 922//922 966//966
f 999//999 1000//1000 965//965
f 1001//1001 967//967 938//938
f 1051//1051 968//968 1001//1001
f 1036//1036 908//908 1051//1051
f 1036//1036 909//909 908//908
f 1005//1005 941//941 909//909
f 969//969 951//951 1008//1008
f 951//951 970//970 1008//1008
f 910//910 1006//1006 971//971
f 1006//1006 952//952 1009//1009
f 971//971 1006//1006 1025//1025
f 1026//1026 1009//1009 955//955
f 1026//1026 955//955 1013//1013
f 954//954 1007//1007 1055//1055
f 1103//1103 972//972 986//986
f 987//987 972//972 1027//1027
f 1012//1012 984//984 988//988
f 1103//1103 986//986 957//957
f 984//984 930//930 988//988
f 985//985 1028//1028 989//989
f 1039//1039 931//931 973//973
f 974//974 1030//1030 1059//1059
f 947//947 1017//1017 990//990
f 1059//1059 948//948 974//974
f 1104//1104 1017//1017 947//947
f 948//948 1041//1041 932//932
f 1061//1061 975//975 958//958
f 995//995 1062//1062 1090//1090
f 1068//1068 976//976 917//917
f 1033//1033 1018//1018 977//977
f 1159//1159 1034//1034 804//804
f 959//959 1069//1069 1019//1019
f 1045//1045 1046//1046 871//871
f 921//921 978//978 979//979
f 1048//1048 1066//1066 736//736
f 964//964 1000//1000 999//999
f 964//964 966//966 1000//1000
f 1049//1049 938//938 1037//1037
f 1022//1022 1002//1002 1003//1003
f 1004//1004 924//924 1050//1050
f 969//969 1008//1008 1007//1007
f 1006//1006 1009//1009 1025//1025
f 1010//1010 954//954 1055//1055
f 1026//1026 1013//1013 1085//1085
f 1085//1085 1013//1013 1014//1014
f 1038//1038 1010//1010 1056//1056
f 1011//1011 1010//1010 1012//1012
f 1010//1010 1038//1038 1012//1012
f 1014//1014 1013//1013 1027//1027
f 1013//1013 982//982 1027//1027
f 1027//1027 1113//1113 1014//1014
f 1027//1027 982//982 944//944
f 1011//1011 1012//1012 983//983
f 1113//1113 1027//1027 972//972
f 1038//1038 984//984 1012//1012
f 989//989 1028//1028 973//973
f 1017//1017 1040//1040 990//990
f 1041//1041 948//948 1059//1059
f 1128//1128 992//992 993//993
f 994//994 1042//1042 1032//1032
f 1032//1032 1043//1043 868//868
f 902//902 996//996 1033//1033
f 1105//1105 977//977 1018//1018
f 1047//1047 980//980 904//904
f 1066//1066 921//921 736//736
f 1081//1081 1001//1001 938//938
f 1049//1049 1081//1081 938//938
f 1050//1050 1070//1070 1004//1004
f 1052//1052 981//981 1023//1023
f 1070//1070 1037//1037 1004//1004
f 1036//1036 1111//1111 909//909
f 971//971 1024//1024 1054//1054
f 1083//1083 970//970 1005//1005
f 1083//1083 1008//1008 970//970
f 1025//1025 1024//1024 971//971
f 1007//1007 1008//1008 1055//1055
f 1025//1025 1009//1009 1026//1026
f 1103//1103 1113//1113 972//972
f 1038//1038 1015//1015 984//984
f 1073//1073 1072//1072 851//851
f 1016//1016 1073//1073 851//851
f 945//945 1058//1058 1016//1016
f 1059//1059 1030//1030 1088//1088
f 932//932 1041//1041 1060//1060
f 1043//1043 996//996 868//868
f 1068//1068 917//917 1034//1034
f 1064//1064 1095//1095 934//934
f 1065//1065 1064//1064 934//934
f 1044//1044 1069//1069 934//934
f 904//904 998//998 1047//1047
f 1080//1080 888//888 1021//1021
f 1002//1002 1050//1050 937//937
f 1081//1081 1051//1051 1001//1001
f 1022//1022 1050//1050 1002//1002
f 1052//1052 1022//1022 981//981
f 1053//1053 1052//1052 1023//1023
f 1025//1025 1067//1067 1024//1024
f 1083//1083 1084//1084 1008//1008
f 1067//1067 1025//1025 1026//1026
f 1010//1010 1055//1055 1102//1102
f 1056//1056 1010//1010 1102//1102
f 1038//1038 1056//1056 1057//1057
f 985//985 1015//1015 1028//1028
f 1166//1166 1103//1103 957//957
f 1166//1166 957//957 1072//1072
f 1039//1039 1155//1155 1029//1029
f 1040//1040 1058//1058 945//945
f 1040//1040 1017//1017 1089//1089
f 1031//1031 1076//1076 933//933
f 1018//1018 1110//1110 1105//1105
f 918//918 838//838 1105//1105
f 921//921 1096//1096 978//978
f 1097//1097 1035//1035 1046//1046
f 889//889 1097//1097 1122//1122
f 1080//1080 1021//1021 889//889
f 1082//1082 1134//1134 1050//1050
f 1082//1082 1050//1050 1022//1022
f 1101//1101 1052//1052 1053//1053
f 1054//1054 1112//1112 1053//1053
f 1055//1055 1008//1008 1084//1084
f 1055//1055 1084//1084 1102//1102
f 1137//1137 1038//1038 1057//1057
f 1114//1114 1113//1113 1103//1103
f 1029//1029 1087//1087 1030//1030
f 1089//1089 1086//1086 1040//1040
f 1030//1030 1087//1087 1088//1088
f 1059//1059 1088//1088 1041//1041
f 1089//1089 1017//1017 1104//1104
f 1091//1091 1062//1062 1063//1063
f 1091//1091 1063//1063 976//976
f 1091//1091 976//976 1068//1068
f 996//996 1092//1092 1033//1033
f 1093//1093 1068//1068 1034//1034
f 1092//1092 1018//1018 1033//1033
f 1095//1095 1044//1044 934//934
f 1064//1064 1065//1065 997//997
f 1079//1079 1064//1064 997//997
f 1019//1019 1077//1077 855//855
f 978//978 1159//1159 1020//1020
f 1045//1045 1097//1097 1046//1046
f 1066//1066 1096//1096 921//921
f 1098//1098 961//961 888//888
f 1122//1122 1080//1080 889//889
f 1108//1108 1083//1083 1005//1005
f 1071//1071 1067//1067 1026//1026
f 1071//1071 1026//1026 1085//1085
f 1113//1113 1085//1085 1014//1014
f 1039//1039 973//973 1125//1125
f 1039//1039 1125//1125 1155//1155
f 1086//1086 1058//1058 1040//1040
f 1031//1031 1060//1060 1074//1074
f 1031//1031 1074//1074 1075//1075
f 933//933 1234//1234 994//994
f 1018//1018 1092//1092 1110//1110
f 1094//1094 1093//1093 1034//1034
f 1176//1176 1095//1095 1064//1064
f 1069//1069 1119//1119 1019//1019
f 1078//1078 1106//1106 998//998
f 1106//1106 1047//1047 998//998
f 1052//1052 1082//1082 1022//1022
f 1107//1107 1036//1036 1051//1051
f 1100//1100 1049//1049 1037//1037
f 1070//1070 1050//1050 1134//1134
f 1099//1099 1082//1082 1052//1052
f 1070//1070 1100//1100 1037//1037
f 909//909 1111//1111 1108//1108
f 909//909 1108//1108 1005//1005
f 1057//1057 1181//1181 1137//1137
f 1038//1038 1137//1137 1015//1015
f 1015//1015 1153//1153 1028//1028
f 973//973 1167//1167 1125//1125
f 1126//1126 1072//1072 1073//1073
f 1029//1029 1155//1155 1169//1169
f 1169//1169 1087//1087 1029//1029
f 1115//1115 1089//1089 1104//1104
f 1088//1088 1074//1074 1041//1041
f 1060//1060 1041//1041 1074//1074
f 1076//1076 1234//1234 933//933
f 1142//1142 1062//1062 1091//1091
f 1044//1044 1147//1147 1069//1069
f 918//918 1131//1131 1045//1045
f 1133//1133 1079//1079 1121//1121
f 1080//1080 1098//1098 888//888
f 1081//1081 1107//1107 1051//1051
f 1101//1101 1099//1099 1052//1052
f 1112//1112 1101//1101 1053//1053
f 1024//1024 1112//1112 1054//1054
f 1028//1028 1167//1167 973//973
f 1087//1087 1169//1169 1109//1109
f 1104//1104 992//992 1128//1128
f 1032//1032 1042//1042 1116//1116
f 1043//1043 1032//1032 1116//1116
f 1133//1133 1064//1064 1079//1079
f 918//918 1105//1105 1131//1131
f 1077//1077 1019//1019 1119//1119
f 1045//1045 1132//1132 1097//1097
f 1047//1047 1150//1150 980//980
f 1049//1049 1124//1124 1081//1081
f 1124//1124 1107//1107 1081//1081
f 1136//1136 1070//1070 1134//1134
f 1107//1107 1111//1111 1036//1036
f 1112//1112 1180//1180 1101//1101
f 1166//1166 1138//1138 1103//1103
f 1126//1126 1166//1166 1072//1072
f 1088//1088 1170//1170 1074//1074
f 1115//1115 1104//1104 1128//1128
f 995//995 1090//1090 958//958
f 994//994 1234//1234 1042//1042
f 1235//1235 1090//1090 1062//1062
f 1142//1142 1235//1235 1062//1062
f 1043//1043 1141//1141 996//996
f 1091//1091 1068//1068 1093//1093
f 1159//1159 1094//1094 1034//1034
f 1176//1176 1117//1117 1095//1095
f 1095//1095 1117//1117 1044//1044
f 1044//1044 1118//1118 1147//1147
f 1147//1147 1119//1119 1069//1069
f 1120//1120 1159//1159 978//978
f 1133//1133 1176//1176 1064//1064
f 1077//1077 1119//1119 1078//1078
f 1096//1096 1120//1120 978//978
f 1149//1149 1121//1121 960//960
f 1149//1149 960//960 961//961
f 1150//1150 1048//1048 980//980
f 1134//1134 1152//1152 1136//1136
f 1136//1136 1100//1100 1070//1070
f 1067//1067 1112//1112 1024//1024
f 1085//1085 1182//1182 1071//1071
f 1127//1127 1126//1126 1073//1073
f 1127//1127 1073//1073 1016//1016
f 1169//1169 1140//1140 1109//1109
f 1087//1087 1170//1170 1088//1088
f 1186//1186 1128//1128 1217//1217
f 1074//1074 1197//1197 1075//1075
f 1217//1217 1128//1128 993//993
f 1043//1043 1116//1116 1141//1141
f 1158//1158 1091//1091 1093//1093
f 996//996 1141//1141 1129//1129
f 1129//1129 1092//1092 996//996
f 1172//1172 1093//1093 1094//1094
f 1105//1105 1110//1110 1145//1145
f 1130//1130 1202//1202 1176//1176
f 1045//1045 1131//1131 1132//1132
f 1149//1149 961//961 1098//1098
f 1106//1106 1148//1148 1047//1047
f 1047//1047 1148//1148 1150//1150
f 1150//1150 1123//1123 1048//1048
f 1048//1048 1123//1123 1066//1066
f 1134//1134 1082//1082 1099//1099
f 1049//1049 1100//1100 1193//1193
f 1107//1107 1179//1179 1111//1111
f 1212//1212 1084//1084 1083//1083
f 1057//1057 1056//1056 1181//1181
f 1213//1213 1182//1182 1085//1085
f 1113//1113 1213//1213 1085//1085
f 1164//1164 1114//1114 1103//1103
f 1164//1164 1103//1103 1138//1138
f 1231//1231 1153//1153 1015//1015
f 1126//1126 1215//1215 1166//1166
f 1155//1155 1125//1125 1139//1139
f 1058//1058 1127//1127 1016//1016
f 1087//1087 1109//1109 1170//1170
f 1086//1086 1089//1089 1185//1185
f 1185//1185 1089//1089 1115//1115
f 1186//1186 1115//1115 1128//1128
f 1075//1075 1076//1076 1031//1031
f 1156//1156 993//993 1061//1061
f 1061//1061 958//958 1156//1156
f 1076//1076 1187//1187 1234//1234
f 1158//1158 1142//1142 1091//1091
f 1172//1172 1158//1158 1093//1093
f 1110//1110 1092//1092 1145//1145
f 1145//1145 1227//1227 1105//1105
f 1202//1202 1117//1117 1176//1176
f 1118//1118 1044//1044 1117//1117
f 1096//1096 1066//1066 1206//1206
f 1132//1132 1178//1178 1097//1097
f 1178//1178 1122//1122 1097//1097
f 1163//1163 1098//1098 1080//1080
f 1124//1124 1049//1049 1151//1151
f 1193//1193 1151//1151 1049//1049
f 1135//1135 1099//1099 1101//1101
f 1193//1193 1100//1100 1136//1136
f 1212//1212 1083//1083 1108//1108
f 1071//1071 1194//1194 1067//1067
f 1056//1056 1102//1102 1195//1195
f 1113//1113 1114//1114 1213//1213
f 1183//1183 1127//1127 1058//1058
f 1109//1109 1140//1140 1170//1170
f 1141//1141 1157//1157 1129//1129
f 1092//1092 1129//1129 1144//1144
f 1146//1146 1130//1130 1176//1176
f 1120//1120 1096//1096 1206//1206
f 1121//1121 1149//1149 1133//1133
f 1078//1078 1119//1119 1161//1161
f 1106//1106 1078//1078 1161//1161
f 1148//1148 1106//1106 1161//1161
f 1163//1163 1149//1149 1098//1098
f 1122//1122 1178//1178 1080//1080
f 1080//1080 1178//1178 1163//1163
f 1152//1152 1134//1134 1230//1230
f 1212//1212 1108//1108 1111//1111
f 1212//1212 1111//1111 1179//1179
f 1194//1194 1071//1071 1182//1182
f 1195//1195 1181//1181 1056//1056
f 1137//1137 1231//1231 1015//1015
f 1153//1153 1167//1167 1028//1028
f 1127//1127 1154//1154 1126//1126
f 1140//1140 1169//1169 1233//1233
f 1140//1140 1233//1233 1170//1170
f 1058//1058 1086//1086 1185//1185
f 1234//1234 1116//1116 1042//1042
f 1156//1156 958//958 1090//1090
f 1090//1090 1235//1235 1156//1156
f 1141//1141 1116//1116 1237//1237
f 1158//1158 1188//1188 1142//1142
f 1092//1092 1144//1144 1145//1145
f 1175//1175 1094//1094 1159//1159
f 1146//1146 1173//1173 1130//1130
f 1226//1226 1117//1117 1202//1202
f 1118//1118 1200//1200 1191//1191
f 1118//1118 1191//1191 1147//1147
f 1131//1131 1105//1105 1227//1227
f 1159//1159 1120//1120 1175//1175
f 1162//1162 1176//1176 1133//1133
f 1131//1131 1160//1160 1132//1132
f 1162//1162 1133//1133 1149//1149
f 1123//1123 1206//1206 1066//1066
f 1107//1107 1124//1124 1179//1179
f 1124//1124 1151//1151 1280//1280
f 1212//1212 1195//1195 1084//1084
f 1084//1084 1195//1195 1102//1102
f 1153//1153 1165//1165 1167//1167
f 1155//1155 1139//1139 1168//1168
f 1169//1169 1155//1155 1168//1168
f 1183//1183 1058//1058 1184//1184
f 1184//1184 1058//1058 1185//1185
f 1291//1291 1185//1185 1115//1115
f 1074//1074 1170//1170 1196//1196
f 1074//1074 1196//1196 1197//1197
f 1217//1217 993//993 1156//1156
f 1076//1076 1075//1075 1187//1187
f 1188//1188 1219//1219 1142//1142
f 1188//1188 1158//1158 1189//1189
f 1171//1171 1158//1158 1172//1172
f 1175//1175 1172//1172 1094//1094
f 1145//1145 1203//1203 1227//1227
f 1200//1200 1118//1118 1174//1174
f 1226//1226 1174//1174 1118//1118
f 1117//1117 1226//1226 1118//1118
f 1119//1119 1147//1147 1191//1191
f 1132//1132 1160//1160 1177//1177
f 1162//1162 1149//1149 1163//1163
f 1209//1209 1123//1123 1150//1150
f 1151//1151 1193//1193 1320//1320
f 1230//1230 1134//1134 1099//1099
f 1135//1135 1101//1101 1180//1180
f 1137//1137 1181//1181 1268//1268
f 1289//1289 1153//1153 1231//1231
f 1154//1154 1215//1215 1126//1126
f 1139//1139 1125//1125 1214//1214
f 1186//1186 1291//1291 1115//1115
f 1234//1234 1236//1236 1116//1116
f 1237//1237 1157//1157 1141//1141
f 1129//1129 1157//1157 1143//1143
f 1171//1171 1189//1189 1158//1158
f 1171//1171 1172//1172 1223//1223
f 1130//1130 1173//1173 1202//1202
f 1265//1265 1146//1146 1192//1192
f 1162//1162 1146//1146 1176//1176
f 1120//1120 1206//1206 1267//1267
f 1119//1119 1191//1191 1204//1204
f 1177//1177 1178//1178 1132//1132
f 1209//1209 1206//1206 1123//1123
f 1178//1178 1177//1177 1208//1208
f 1208//1208 1163//1163 1178//1178
f 1148//1148 1209//1209 1150//1150
f 1099//1099 1135//1135 1230//1230
f 1210//1210 1179//1179 1124//1124
f 1356//1356 1136//1136 1152//1152
f 1135//1135 1180//1180 1211//1211
f 1194//1194 1180//1180 1112//1112
f 1112//1112 1067//1067 1194//1194
f 1252//1252 1114//1114 1164//1164
f 1166//1166 1215//1215 1138//1138
f 1125//1125 1167//1167 1214//1214
f 1197//1197 1216//1216 1293//1293
f 1197//1197 1293//1293 1075//1075
f 1157//1157 1237//1237 1238//1238
f 1129//1129 1143//1143 1144//1144
f 1144//1144 1143//1143 1244//1244
f 1223//1223 1172//1172 1277//1277
f 1277//1277 1172//1172 1175//1175
f 1190//1190 1173//1173 1224//1224
f 1198//1198 1201//1201 1200//1200
f 1224//1224 1173//1173 1146//1146
f 1200//1200 1201//1201 1191//1191
f 1192//1192 1146//1146 1162//1162
f 1119//1119 1204//1204 1161//1161
f 1207//1207 1161//1161 1204//1204
f 1229//1229 1162//1162 1163//1163
f 1161//1161 1207//1207 1148//1148
f 1151//1151 1320//1320 1280//1280
f 1230//1230 1279//1279 1152//1152
f 1135//1135 1211//1211 1230//1230
f 1280//1280 1210//1210 1124//1124
f 1251//1251 1136//1136 1356//1356
f 1165//1165 1214//1214 1167//1167
f 1232//1232 1215//1215 1154//1154
f 1217//1217 1253//1253 1186//1186
f 1218//1218 1235//1235 1142//1142
f 1237//1237 1116//1116 1236//1236
f 1218//1218 1142//1142 1219//1219
f 1239//1239 1219//1219 1188//1188
f 1157//1157 1220//1220 1143//1143
f 1190//1190 1222//1222 1242//1242
f 1198//1198 1199//1199 1201//1201
f 1224//1224 1222//1222 1190//1190
f 1203//1203 1145//1145 1144//1144
f 1224//1224 1146//1146 1263//1263
f 1202//1202 1225//1225 1226//1226
f 1263//1263 1146//1146 1265//1265
f 1131//1131 1227//1227 1160//1160
f 1267//1267 1175//1175 1120//1120
f 1177//1177 1160//1160 1264//1264
f 1228//1228 1206//1206 1209//1209
f 1228//1228 1209//1209 1207//1207
f 1177//1177 1205//1205 1208//1208
f 1208//1208 1229//1229 1163//1163
f 1148//1148 1207//1207 1209//1209
f 1356//1356 1152//1152 1279//1279
f 1252//1252 1182//1182 1213//1213
f 1252//1252 1213//1213 1114//1114
f 1289//1289 1165//1165 1153//1153
f 1139//1139 1214//1214 1290//1290
f 1305//1305 1232//1232 1154//1154
f 1305//1305 1154//1154 1127//1127
f 1233//1233 1169//1169 1168//1168
f 1170//1170 1233//1233 1269//1269
f 1170//1170 1269//1269 1196//1196
f 1196//1196 1216//1216 1197//1197
f 1299//1299 1291//1291 1186//1186
f 1294//1294 1217//1217 1156//1156
f 1187//1187 1075//1075 1301//1301
f 1302//1302 1156//1156 1235//1235
f 1188//1188 1189//1189 1239//1239
f 1220//1220 1157//1157 1238//1238
f 1143//1143 1220//1220 1221//1221
f 1241//1241 1189//1189 1171//1171
f 1241//1241 1171//1171 1223//1223
f 1143//1143 1221//1221 1245//1245
f 1143//1143 1245//1245 1244//1244
f 1241//1241 1223//1223 1243//1243
f 1259//1259 1199//1199 1198//1198
f 1243//1243 1223//1223 1246//1246
f 1199//1199 1243//1243 1201//1201
f 1190//1190 1242//1242 1288//1288
f 1201//1201 1243//1243 1248//1248
f 1245//1245 1222//1222 1224//1224
f 1245//1245 1224//1224 1249//1249
f 1144//1144 1244//1244 1260//1260
f 1249//1249 1224//1224 1263//1263
f 1250//1250 1174//1174 1226//1226
f 1201//1201 1262//1262 1191//1191
f 1227//1227 1203//1203 1264//1264
f 1264//1264 1160//1160 1227//1227
f 1267//1267 1206//1206 1228//1228
f 1205//1205 1177//1177 1264//1264
f 1205//1205 1229//1229 1208//1208
f 1193//1193 1136//1136 1251//1251
f 1212//1212 1179//1179 1321//1321
f 1323//1323 1137//1137 1268//1268
f 1323//1323 1231//1231 1137//1137
f 1168//1168 1139//1139 1324//1324
f 1299//1299 1186//1186 1253//1253
f 1284//1284 1236//1236 1234//1234
f 1236//1236 1285//1285 1237//1237
f 1254//1254 1218//1218 1219//1219
f 1237//1237 1285//1285 1238//1238
f 1240//1240 1272//1272 1239//1239
f 1238//1238 1255//1255 1220//1220
f 1240//1240 1239//1239 1189//1189
f 1240//1240 1189//1189 1241//1241
f 1221//1221 1286//1286 1245//1245
f 1286//1286 1242//1242 1222//1222
f 1273//1273 1241//1241 1199//1199
f 1245//1245 1286//1286 1222//1222
f 1241//1241 1243//1243 1199//1199
f 1259//1259 1258//1258 1273//1273
f 1199//1199 1259//1259 1273//1273
f 1248//1248 1243//1243 1246//1246
f 1244//1244 1245//1245 1261//1261
f 1245//1245 1249//1249 1261//1261
f 1200//1200 1259//1259 1198//1198
f 1244//1244 1261//1261 1260//1260
f 1173//1173 1190//1190 1247//1247
f 1144//1144 1260//1260 1203//1203
f 1223//1223 1277//1277 1246//1246
f 1274//1274 1200//1200 1174//1174
f 1247//1247 1202//1202 1173//1173
f 1263//1263 1261//1261 1249//1249
f 1201//1201 1248//1248 1262//1262
f 1191//1191 1262//1262 1276//1276
f 1191//1191 1276//1276 1204//1204
f 1266//1266 1175//1175 1267//1267
f 1275//1275 1192//1192 1162//1162
f 1204//1204 1278//1278 1207//1207
f 1275//1275 1162//1162 1229//1229
f 1275//1275 1229//1229 1205//1205
f 1278//1278 1228//1228 1207//1207
f 1211//1211 1279//1279 1230//1230
f 1321//1321 1210//1210 1280//1280
f 1210//1210 1321//1321 1179//1179
f 1298//1298 1195//1195 1212//1212
f 1323//1323 1289//1289 1231//1231
f 1342//1342 1127//1127 1183//1183
f 1291//1291 1184//1184 1185//1185
f 1316//1316 1253//1253 1217//1217
f 1156//1156 1302//1302 1294//1294
f 1218//1218 1302//1302 1235//1235
f 1254//1254 1219//1219 1239//1239
f 1255//1255 1285//1285 1271//1271
f 1254//1254 1239//1239 1272//1272
f 1285//1285 1255//1255 1238//1238
f 1255//1255 1257//1257 1220//1220
f 1220//1220 1257//1257 1221//1221
f 1240//1240 1241//1241 1256//1256
f 1257//1257 1286//1286 1221//1221
f 1273//1273 1256//1256 1241//1241
f 1286//1286 1287//1287 1242//1242
f 1190//1190 1288//1288 1247//1247
f 1248//1248 1246//1246 1262//1262
f 1247//1247 1225//1225 1202//1202
f 1262//1262 1246//1246 1276//1276
f 1277//1277 1276//1276 1246//1246
f 1274//1274 1174//1174 1250//1250
f 1261//1261 1263//1263 1265//1265
f 1203//1203 1275//1275 1264//1264
f 1277//1277 1175//1175 1266//1266
f 1278//1278 1266//1266 1228//1228
f 1266//1266 1267//1267 1228//1228
f 1275//1275 1265//1265 1192//1192
f 1276//1276 1278//1278 1204//1204
f 1264//1264 1275//1275 1205//1205
f 1320//1320 1193//1193 1251//1251
f 1321//1321 1280//1280 1349//1349
f 1281//1281 1211//1211 1180//1180
f 1298//1298 1268//1268 1195//1195
f 1181//1181 1195//1195 1268//1268
f 1252//1252 1312//1312 1182//1182
f 1282//1282 1252//1252 1164//1164
f 1282//1282 1164//1164 1138//1138
f 1324//1324 1139//1139 1290//1290
f 1342//1342 1305//1305 1127//1127
f 1324//1324 1335//1335 1168//1168
f 1168//1168 1335//1335 1314//1314
f 1233//1233 1168//1168 1314//1314
f 1300//1300 1299//1299 1253//1253
f 1216//1216 1196//1196 1292//1292
f 1308//1308 1300//1300 1253//1253
f 1308//1308 1253//1253 1316//1316
f 1216//1216 1270//1270 1327//1327
f 1301//1301 1234//1234 1187//1187
f 1234//1234 1301//1301 1284//1284
f 1331//1331 1254//1254 1272//1272
f 1256//1256 1272//1272 1240//1240
f 1255//1255 1271//1271 1295//1295
f 1257//1257 1255//1255 1295//1295
f 1286//1286 1257//1257 1295//1295
f 1242//1242 1287//1287 1310//1310
f 1288//1288 1242//1242 1310//1310
f 1274//1274 1259//1259 1200//1200
f 1260//1260 1261//1261 1265//1265
f 1225//1225 1250//1250 1226//1226
f 1260//1260 1275//1275 1203//1203
f 1260//1260 1265//1265 1275//1275
f 1277//1277 1266//1266 1276//1276
f 1276//1276 1266//1266 1278//1278
f 1321//1321 1357//1357 1212//1212
f 1298//1298 1212//1212 1357//1357
f 1194//1194 1182//1182 1312//1312
f 1252//1252 1304//1304 1312//1312
f 1283//1283 1138//1138 1215//1215
f 1183//1183 1184//1184 1306//1306
f 1233//1233 1314//1314 1269//1269
f 1269//1269 1336//1336 1196//1196
f 1293//1293 1216//1216 1327//1327
f 1217//1217 1294//1294 1316//1316
f 1331//1331 1302//1302 1218//1218
f 1284//1284 1285//1285 1236//1236
f 1331//1331 1218//1218 1254//1254
f 1285//1285 1309//1309 1271//1271
f 1296//1296 1258//1258 1259//1259
f 1274//1274 1319//1319 1259//1259
f 1320//1320 1349//1349 1280//1280
f 1279//1279 1211//1211 1297//1297
f 1356//1356 1279//1279 1333//1333
f 1311//1311 1281//1281 1180//1180
f 1180//1180 1194//1194 1311//1311
f 1194//1194 1312//1312 1311//1311
f 1214//1214 1165//1165 1290//1290
f 1232//1232 1283//1283 1215//1215
f 1306//1306 1184//1184 1291//1291
f 1325//1325 1291//1291 1299//1299
f 1343//1343 1325//1325 1299//1299
f 1196//1196 1315//1315 1292//1292
f 1216//1216 1292//1292 1270//1270
f 1075//1075 1293//1293 1301//1301
f 1285//1285 1284//1284 1309//1309
f 1346//1346 1331//1331 1272//1272
f 1354//1354 1295//1295 1271//1271
f 1287//1287 1317//1317 1310//1310
f 1259//1259 1303//1303 1296//1296
f 1250//1250 1319//1319 1274//1274
f 1268//1268 1298//1298 1323//1323
f 1165//1165 1341//1341 1290//1290
f 1305//1305 1313//1313 1232//1232
f 1306//1306 1342//1342 1183//1183
f 1325//1325 1306//1306 1291//1291
f 1299//1299 1300//1300 1307//1307
f 1270//1270 1292//1292 1352//1352
f 1293//1293 1327//1327 1301//1301
f 1309//1309 1354//1354 1271//1271
f 1256//1256 1346//1346 1272//1272
f 1347//1347 1256//1256 1273//1273
f 1286//1286 1295//1295 1355//1355
f 1355//1355 1287//1287 1286//1286
f 1258//1258 1347//1347 1273//1273
f 1374//1374 1317//1317 1287//1287
f 1303//1303 1317//1317 1296//1296
f 1332//1332 1319//1319 1250//1250
f 1332//1332 1225//1225 1247//1247
f 1332//1332 1250//1250 1225//1225
f 1297//1297 1211//1211 1281//1281
f 1382//1382 1298//1298 1357//1357
f 1323//1323 1298//1298 1382//1382
f 1359//1359 1304//1304 1252//1252
f 1359//1359 1252//1252 1282//1282
f 1283//1283 1282//1282 1138//1138
f 1313//1313 1283//1283 1232//1232
f 1337//1337 1343//1343 1299//1299
f 1337//1337 1299//1299 1307//1307
f 1315//1315 1196//1196 1326//1326
f 1327//1327 1270//1270 1338//1338
f 1340//1340 1316//1316 1294//1294
f 1340//1340 1294//1294 1302//1302
f 1284//1284 1301//1301 1328//1328
f 1295//1295 1354//1354 1355//1355
f 1258//1258 1296//1296 1348//1348
f 1348//1348 1296//1296 1317//1317
f 1303//1303 1310//1310 1317//1317
f 1303//1303 1259//1259 1319//1319
f 1288//1288 1310//1310 1247//1247
f 1322//1322 1321//1321 1349//1349
f 1395//1395 1321//1321 1322//1322
f 1365//1365 1297//1297 1281//1281
f 1357//1357 1321//1321 1395//1395
f 1281//1281 1311//1311 1368//1368
f 1304//1304 1311//1311 1312//1312
f 1358//1358 1289//1289 1323//1323
f 1387//1387 1313//1313 1305//1305
f 1335//1335 1324//1324 1360//1360
f 1196//1196 1336//1336 1326//1326
f 1292//1292 1315//1315 1352//1352
f 1338//1338 1270//1270 1352//1352
f 1330//1330 1340//1340 1302//1302
f 1302//1302 1331//1331 1330//1330
f 1328//1328 1309//1309 1284//1284
f 1309//1309 1328//1328 1329//1329
f 1287//1287 1355//1355 1393//1393
f 1393//1393 1374//1374 1287//1287
f 1310//1310 1303//1303 1318//1318
f 1247//1247 1310//1310 1318//1318
f 1332//1332 1247//1247 1318//1318
f 1380//1380 1333//1333 1279//1279
f 1381//1381 1320//1320 1251//1251
f 1251//1251 1356//1356 1334//1334
f 1358//1358 1323//1323 1382//1382
f 1283//1283 1351//1351 1282//1282
f 1165//1165 1289//1289 1341//1341
f 1387//1387 1305//1305 1342//1342
f 1344//1344 1307//1307 1300//1300
f 1308//1308 1316//1316 1345//1345
f 1301//1301 1327//1327 1328//1328
f 1347//1347 1346//1346 1256//1256
f 1258//1258 1348//1348 1379//1379
f 1374//1374 1348//1348 1317//1317
f 1318//1318 1303//1303 1319//1319
f 1318//1318 1319//1319 1332//1332
f 1297//1297 1350//1350 1279//1279
f 1289//1289 1375//1375 1341//1341
f 1369//1369 1313//1313 1387//1387
f 1314//1314 1335//1335 1361//1361
f 1342//1342 1306//1306 1325//1325
f 1361//1361 1269//1269 1314//1314
f 1390//1390 1337//1337 1307//1307
f 1315//1315 1378//1378 1352//1352
f 1300//1300 1308//1308 1344//1344
f 1363//1363 1340//1340 1330//1330
f 1329//1329 1328//1328 1339//1339
f 1346//1346 1403//1403 1330//1330
f 1330//1330 1331//1331 1346//1346
f 1372//1372 1354//1354 1309//1309
f 1258//1258 1379//1379 1347//1347
f 1334//1334 1381//1381 1251//1251
f 1358//1358 1375//1375 1289//1289
f 1376//1376 1351//1351 1283//1283
f 1376//1376 1283//1283 1313//1313
f 1324//1324 1290//1290 1386//1386
f 1361//1361 1388//1388 1269//1269
f 1336//1336 1269//1269 1388//1388
f 1343//1343 1362//1362 1325//1325
f 1315//1315 1326//1326 1378//1378
f 1344//1344 1390//1390 1307//1307
f 1345//1345 1344//1344 1308//1308
f 1352//1352 1366//1366 1338//1338
f 1338//1338 1366//1366 1353//1353
f 1338//1338 1353//1353 1327//1327
f 1353//1353 1339//1339 1327//1327
f 1316//1316 1340//1340 1345//1345
f 1345//1345 1340//1340 1363//1363
f 1327//1327 1339//1339 1328//1328
f 1346//1346 1347//1347 1373//1373
f 1424//1424 1348//1348 1374//1374
f 1320//1320 1381//1381 1349//1349
f 1350//1350 1380//1380 1279//1279
f 1365//1365 1350//1350 1297//1297
f 1334//1334 1356//1356 1367//1367
f 1365//1365 1281//1281 1368//1368
f 1311//1311 1304//1304 1368//1368
f 1359//1359 1368//1368 1304//1304
f 1351//1351 1359//1359 1282//1282
f 1369//1369 1376//1376 1313//1313
f 1341//1341 1386//1386 1290//1290
f 1370//1370 1362//1362 1343//1343
f 1343//1343 1337//1337 1370//1370
f 1389//1389 1326//1326 1336//1336
f 1403//1403 1363//1363 1330//1330
f 1355//1355 1354//1354 1423//1423
f 1333//1333 1380//1380 1364//1364
f 1382//1382 1357//1357 1395//1395
f 1360//1360 1324//1324 1386//1386
f 1387//1387 1413//1413 1369//1369
f 1335//1335 1360//1360 1361//1361
f 1452//1452 1390//1390 1344//1344
f 1371//1371 1344//1344 1345//1345
f 1421//1421 1345//1345 1363//1363
f 1404//1404 1403//1403 1346//1346
f 1347//1347 1379//1379 1373//1373
f 1356//1356 1333//1333 1364//1364
f 1334//1334 1367//1367 1398//1398
f 1358//1358 1382//1382 1399//1399
f 1362//1362 1342//1342 1325//1325
f 1401//1401 1370//1370 1337//1337
f 1378//1378 1391//1391 1352//1352
f 1339//1339 1353//1353 1392//1392
f 1339//1339 1392//1392 1329//1329
f 1309//1309 1329//1329 1372//1372
f 1354//1354 1372//1372 1423//1423
f 1346//1346 1373//1373 1404//1404
f 1393//1393 1355//1355 1423//1423
f 1373//1373 1379//1379 1394//1394
f 1367//1367 1356//1356 1364//1364
f 1398//1398 1367//1367 1364//1364
f 1334//1334 1398//1398 1383//1383
f 1359//1359 1351//1351 1430//1430
f 1351//1351 1376//1376 1430//1430
f 1375//1375 1386//1386 1341//1341
f 1377//1377 1376//1376 1369//1369
f 1389//1389 1336//1336 1388//1388
f 1389//1389 1378//1378 1326//1326
f 1401//1401 1337//1337 1390//1390
f 1371//1371 1452//1452 1344//1344
f 1366//1366 1444//1444 1353//1353
f 1353//1353 1444//1444 1436//1436
f 1421//1421 1363//1363 1403//1403
f 1349//1349 1381//1381 1425//1425
f 1425//1425 1322//1322 1349//1349
f 1350//1350 1365//1365 1426//1426
f 1398//1398 1364//1364 1439//1439
f 1375//1375 1358//1358 1399//1399
f 1449//1449 1387//1387 1342//1342
f 1362//1362 1449//1449 1342//1342
f 1362//1362 1370//1370 1401//1401
f 1414//1414 1378//1378 1389//1389
f 1352//1352 1391//1391 1366//1366
f 1345//1345 1454//1454 1371//1371
f 1372//1372 1329//1329 1392//1392
f 1459//1459 1374//1374 1393//1393
f 1424//1424 1379//1379 1348//1348
f 1396//1396 1425//1425 1381//1381
f 1381//1381 1334//1334 1396//1396
f 1334//1334 1383//1383 1396//1396
f 1397//1397 1365//1365 1368//1368
f 1368//1368 1359//1359 1397//1397
f 1399//1399 1382//1382 1407//1407
f 1383//1383 1398//1398 1400//1400
f 1430//1430 1397//1397 1359//1359
f 1400//1400 1398//1398 1384//1384
f 1384//1384 1398//1398 1385//1385
f 1376//1376 1377//1377 1430//1430
f 1386//1386 1375//1375 1428//1428
f 1377//1377 1369//1369 1413//1413
f 1360//1360 1386//1386 1412//1412
f 1388//1388 1360//1360 1412//1412
f 1449//1449 1413//1413 1387//1387
f 1361//1361 1360//1360 1388//1388
f 1389//1389 1388//1388 1434//1434
f 1378//1378 1414//1414 1450//1450
f 1378//1378 1450//1450 1391//1391
f 1415//1415 1390//1390 1452//1452
f 1366//1366 1416//1416 1444//1444
f 1419//1419 1418//1418 1420//1420
f 1419//1419 1420//1420 1402//1402
f 1392//1392 1353//1353 1436//1436
f 1421//1421 1403//1403 1457//1457
f 1438//1438 1393//1393 1423//1423
f 1459//1459 1424//1424 1374//1374
f 1405//1405 1379//1379 1424//1424
f 1350//1350 1427//1427 1380//1380
f 1406//1406 1322//1322 1425//1425
f 1427//1427 1350//1350 1426//1426
f 1322//1322 1406//1406 1395//1395
f 1365//1365 1397//1397 1426//1426
f 1396//1396 1383//1383 1429//1429
f 1382//1382 1395//1395 1407//1407
f 1429//1429 1383//1383 1400//1400
f 1385//1385 1408//1408 1446//1446
f 1399//1399 1407//1407 1375//1375
f 1400//1400 1384//1384 1410//1410
f 1433//1433 1384//1384 1385//1385
f 1409//1409 1430//1430 1377//1377
f 1433//1433 1385//1385 1446//1446
f 1386//1386 1432//1432 1447//1447
f 1412//1412 1386//1386 1447//1447
f 1413//1413 1449//1449 1377//1377
f 1389//1389 1434//1434 1414//1414
f 1415//1415 1401//1401 1390//1390
f 1445//1445 1452//1452 1371//1371
f 1445//1445 1371//1371 1454//1454
f 1455//1455 1402//1402 1420//1420
f 1421//1421 1454//1454 1345//1345
f 1457//1457 1403//1403 1404//1404
f 1372//1372 1422//1422 1423//1423
f 1472//1472 1404//1404 1373//1373
f 1394//1394 1472//1472 1373//1373
f 1438//1438 1459//1459 1393//1393
f 1394//1394 1379//1379 1405//1405
f 1364//1364 1380//1380 1439//1439
f 1395//1395 1406//1406 1407//1407
f 1398//1398 1439//1439 1408//1408
f 1398//1398 1408//1408 1385//1385
f 1397//1397 1430//1430 1409//1409
f 1429//1429 1400//1400 1410//1410
f 1407//1407 1428//1428 1375//1375
f 1386//1386 1428//1428 1432//1432
f 1411//1411 1410//1410 1442//1442
f 1384//1384 1442//1442 1410//1410
f 1443//1443 1431//1431 1377//1377
f 1448//1448 1384//1384 1433//1433
f 1366//1366 1391//1391 1416//1416
f 1418//1418 1419//1419 1417//1417
f 1437//1437 1454//1454 1421//1421
f 1455//1455 1420//1420 1418//1418
f 1392//1392 1436//1436 1456//1456
f 1372//1372 1392//1392 1422//1422
f 1439//1439 1380//1380 1427//1427
f 1440//1440 1425//1425 1396//1396
f 1396//1396 1429//1429 1440//1440
f 1426//1426 1397//1397 1427//1427
f 1427//1427 1397//1397 1409//1409
f 1406//1406 1428//1428 1407//1407
f 1446//1446 1408//1408 1441//1441
f 1411//1411 1429//1429 1410//1410
f 1446//1446 1441//1441 1431//1431
f 1428//1428 1411//1411 1432//1432
f 1441//1441 1409//1409 1431//1431
f 1409//1409 1377//1377 1431//1431
f 1411//1411 1442//1442 1432//1432
f 1446//1446 1431//1431 1443//1443
f 1432//1432 1442//1442 1447//1447
f 1442//1442 1384//1384 1448//1448
f 1448//1448 1474//1474 1442//1442
f 1447//1447 1442//1442 1489//1489
f 1377//1377 1449//1449 1443//1443
f 1362//1362 1401//1401 1479//1479
f 1480//1480 1401//1401 1415//1415
f 1453//1453 1417//1417 1419//1419
f 1435//1435 1418//1418 1417//1417
f 1402//1402 1453//1453 1419//1419
f 1458//1458 1421//1421 1457//1457
f 1456//1456 1422//1422 1392//1392
f 1458//1458 1457//1457 1404//1404
f 1423//1423 1422//1422 1438//1438
f 1459//1459 1405//1405 1424//1424
f 1425//1425 1440//1440 1406//1406
f 1439//1439 1427//1427 1441//1441
f 1439//1439 1441//1441 1408//1408
f 1406//1406 1440//1440 1428//1428
f 1440//1440 1429//1429 1411//1411
f 1441//1441 1427//1427 1409//1409
f 1428//1428 1440//1440 1411//1411
f 1474//1474 1489//1489 1442//1442
f 1473//1473 1433//1433 1446//1446
f 1473//1473 1448//1448 1433//1433
f 1460//1460 1412//1412 1447//1447
f 1388//1388 1412//1412 1460//1460
f 1449//1449 1362//1362 1479//1479
f 1388//1388 1460//1460 1434//1434
f 1480//1480 1479//1479 1401//1401
f 1444//1444 1453//1453 1436//1436
f 1402//1402 1455//1455 1495//1495
f 1469//1469 1495//1495 1455//1455
f 1437//1437 1421//1421 1458//1458
f 1404//1404 1472//1472 1458//1458
f 1422//1422 1470//1470 1438//1438
f 1472//1472 1394//1394 1405//1405
f 1488//1488 1405//1405 1459//1459
f 1443//1443 1473//1473 1446//1446
f 1448//1448 1461//1461 1474//1474
f 1450//1450 1414//1414 1434//1434
f 1493//1493 1391//1391 1450//1450
f 1451//1451 1415//1415 1452//1452
f 1391//1391 1493//1493 1484//1484
f 1451//1451 1445//1445 1467//1467
f 1451//1451 1452//1452 1445//1445
f 1391//1391 1484//1484 1416//1416
f 1417//1417 1453//1453 1485//1485
f 1467//1467 1445//1445 1454//1454
f 1444//1444 1416//1416 1484//1484
f 1417//1417 1483//1483 1435//1435
f 1402//1402 1495//1495 1453//1453
f 1418//1418 1435//1435 1468//1468
f 1455//1455 1418//1418 1468//1468
f 1469//1469 1455//1455 1468//1468
f 1422//1422 1456//1456 1470//1470
f 1438//1438 1487//1487 1459//1459
f 1487//1487 1488//1488 1459//1459
f 1489//1489 1460//1460 1447//1447
f 1448//1448 1473//1473 1477//1477
f 1449//1449 1475//1475 1443//1443
f 1462//1462 1490//1490 1474//1474
f 1474//1474 1461//1461 1462//1462
f 1461//1461 1448//1448 1477//1477
f 1477//1477 1473//1473 1476//1476
f 1461//1461 1477//1477 1462//1462
f 1500//1500 1449//1449 1479//1479
f 1481//1481 1480//1480 1415//1415
f 1465//1465 1464//1464 1466//1466
f 1481//1481 1415//1415 1451//1451
f 1482//1482 1465//1465 1466//1466
f 1464//1464 1492//1492 1483//1483
f 1492//1492 1494//1494 1483//1483
f 1464//1464 1483//1483 1466//1466
f 1417//1417 1485//1485 1466//1466
f 1466//1466 1483//1483 1417//1417
f 1484//1484 1485//1485 1444//1444
f 1444//1444 1485//1485 1453//1453
f 1483//1483 1454//1454 1435//1435
f 1483//1483 1467//1467 1454//1454
f 1435//1435 1454//1454 1468//1468
f 1454//1454 1437//1437 1468//1468
f 1436//1436 1453//1453 1495//1495
f 1436//1436 1495//1495 1470//1470
f 1456//1456 1436//1436 1470//1470
f 1471//1471 1458//1458 1472//1472
f 1470//1470 1487//1487 1438//1438
f 1471//1471 1472//1472 1405//1405
f 1443//1443 1475//1475 1473//1473
f 1475//1475 1449//1449 1500//1500
f 1490//1490 1462//1462 1463//1463
f 1499//1499 1477//1477 1476//1476
f 1491//1491 1477//1477 1499//1499
f 1463//1463 1462//1462 1491//1491
f 1462//1462 1477//1477 1491//1491
f 1460//1460 1478//1478 1434//1434
f 1500//1500 1479//1479 1480//1480
f 1478//1478 1450//1450 1434//1434
f 1493//1493 1465//1465 1482//1482
f 1493//1493 1482//1482 1484//1484
f 1494//1494 1481//1481 1451//1451
f 1483//1483 1494//1494 1467//1467
f 1494//1494 1451//1451 1467//1467
f 1482//1482 1466//1466 1485//1485
f 1482//1482 1485//1485 1484//1484
f 1468//1468 1437//1437 1486//1486
f 1437//1437 1458//1458 1486//1486
f 1469//1469 1468//1468 1486//1486
f 1496//1496 1469//1469 1486//1486
f 1486//1486 1458//1458 1471//1471
f 1471//1471 1405//1405 1488//1488
f 1473//1473 1475//1475 1476//1476
f 1474//1474 1490//1490 1489//1489
f 1490//1490 1463//1463 1489//1489
f 1498//1498 1475//1475 1500//1500
f 1463//1463 1497//1497 1489//1489
f 1498//1498 1499//1499 1476//1476
f 1498//1498 1476//1476 1475//1475
f 1489//1489 1497//1497 1460//1460
f 1460//1460 1497//1497 1478//1478
f 1491//1491 1499//1499 1464//1464
f 1502//1502 1491//1491 1465//1465
f 1491//1491 1464//1464 1465//1465
f 1464//1464 1499//1499 1492//1492
f 1499//1499 1501//1501 1492//1492
f 1478//1478 1493//1493 1450//1450
f 1465//1465 1493//1493 1502//1502
f 1501//1501 1481//1481 1494//1494
f 1495//1495 1469//1469 1496//1496
f 1495//1495 1487//1487 1470//1470
f 1495//1495 1488//1488 1487//1487
f 1495//1495 1496//1496 1488//1488
f 1496//1496 1471//1471 1488//1488
f 1496//1496 1486//1486 1471//1471
f 1463//1463 1502//1502 1497//1497
f 1502//1502 1463//1463 1491//1491
f 1498//1498 1500//1500 1501//1501
f 1497//1497 1502//1502 1478//1478
f 1501//1501 1500//1500 1480//1480
f 1478//1478 1502//1502 1493//1493
f 1492//1492 1501//1501 1494//1494
f 1501//1501 1480//1480 1481//1481
f 1499//1499 1498//1498 1501//1501
